,Global Quality Income vs. Index,Global Equity Machine Learning,European Value vs. Index,Commodity Congestion,Multi-asset Trend,Repo Carry,Long Rates Vol.,Tail Hedge -SDV,Tail Hedge - SCV,Tail Hedge - Dynamic Put Ratio,Put Spread,Intraday Trend Following,Strong vs. Weak Balance Sheets,FX Carry,FX Value,Short Weekly Tail Puts
2005-06-10,0.051754540667118806,,0.0143583653152071,0.024636206081603565,0.02618479193777756,,,-0.31520000000000437,,,-0.0054874060861036114,,,0.011203084684019385,0.017098116309424483,
2005-07-06,0.01396846784897006,,0.008675924611489836,0.0037104612798430922,0.01109212062175608,,,-0.9980000000000047,,,-0.0009299790623271434,,,-0.009566655150767336,0.019454294977288466,
2005-08-03,-0.04527062122417468,,0.010800870963451696,0.0008714026659745437,-0.003290352350262703,,,0.046900000000007935,,,-0.006943317210683877,,,0.005324028267064415,-0.007057088051601783,
2005-08-31,0.008821071101983933,,0.007892252389655734,0.0024097686513052494,0.02046982577491203,,,-0.3766999999999996,,,0.0024200716320845993,,,-0.0038419388469985,0.013887999822963364,
2005-09-27,0.028850782485601908,,-0.004355318460041294,0.002619181604995408,0.012372112978989356,,,-0.5122000000000071,,,-0.0006877801094309405,,,0.020388282724079096,0.008387108261999773,
2005-10-26,-0.025678466182705452,,-0.0012861353384635977,0.01990922595037387,-0.019880086658369763,,,-0.3430000000000035,,,0.00240516366898034,,,0.021247533993320824,-0.0036633059528067154,
2005-11-23,-0.01763129380196236,,0.010886272943283908,0.0034407348155335773,0.02404412295814146,,,-0.5408999999999935,,,-0.011324538626281811,,,0.007427341564717328,0.010992608216896146,
2005-12-21,-0.008284124568337495,,0.024051580158329176,0.015048786802803653,0.018193859800422058,,,-0.23460000000000036,,,-0.00011931944541460007,,,-0.009034499132020656,0.014093217746279266,
2006-01-18,-0.01758796022661323,,-0.0009584740577394508,0.0050369252830925505,0.0028348823749710108,,,-0.4544000000000068,,,-0.0026395127340913187,,,-0.007468606371958621,-0.002158367161457208,
2006-02-15,0.018288483464646392,-0.0010035305061877955,0.017949782880203206,0.03342358447918048,0.00526633766948986,,,-0.8425999999999902,,-0.0012414650880649882,-0.0014367349410207573,,,0.015568563168217578,0.021388332944608467,
2006-03-15,-0.007829338577542685,0.007881543362782191,0.009999400767491038,0.0038680956281723776,0.006152017477504845,,,-0.6368999999999971,,0.00042066886969661715,-0.003644621131330802,,,-0.017953501537157728,-0.01661417227474264,
2006-04-12,-0.016359149606262315,0.011264096893033999,0.012208348367789041,0.007751224478713237,0.04156861064207612,,,-0.5137,,-0.0006310696840223702,0.00014210523463084227,,,-0.014415786403585661,-0.021030723077261972,
2006-05-10,-0.053562731653079274,-0.004099206444707924,0.01978999562618271,-0.0029461125593870452,0.04407132536467873,,,-0.08150000000000546,,0.0019220187107111316,-0.004667222933937595,,,-0.03446982204878894,-0.046254392058543065,
2006-06-07,0.05017466994167867,-0.012356248143436553,-0.016639755167554858,0.022268284435409527,-0.06473666211597422,,,2.2674999999999983,,-0.0008904764637183641,0.010682671961201387,,,-0.008272935080950183,0.009643617954586733,
2006-07-05,0.00444412040762525,0.011089612817807256,0.002161881289562929,0.0033937144520212914,0.005286573152217397,,,-0.9800999999999931,,-0.0017231710603533177,-0.005775009239878361,,,0.0021762844975540454,0.010744658775637168,
2006-08-02,0.020068870074730506,0.010326578938337543,-0.0041749414604733154,0.0073073444036113695,-0.027523323516316762,,,0.363900000000001,,-0.0011638174521753522,-0.0015091701336636496,,,0.01678038802579783,0.013840583659296083,
2006-08-30,-0.0013740188861177851,0.007759087623449407,0.009611912862689911,0.023835404288948394,-0.008539264971059815,,,-1.1370000000000005,,0.0022762036349970654,-0.005597213818205355,,,0.027852140363714622,0.020623585396524837,
2006-09-27,0.03156143102892561,0.0014900089425587786,0.010004364204998797,-0.0008530596751178825,0.014682248485068577,,,-0.058000000000006935,,-0.002125633727614344,-0.004544660134113703,,,0.009759776066676001,0.007520183176319233,
2006-10-24,-0.0049141117662152775,0.012674794738720468,0.004405679626086333,0.010757108096775086,0.023737944221616493,,,-0.34959999999999525,,0.0011034871309548182,-0.0047320186042423265,,,0.02110095386779942,0.006089267804081647,
2006-11-22,-0.006023819483231332,-0.0043484511030831684,0.012066452523774779,0.012835957408549072,0.009931788734388046,,,-0.47100000000000364,,7.018071537069054e-05,-0.0027586531249152516,,,-0.014961543013665164,-0.009190589172267944,
2006-12-20,0.004044571791999628,0.00648865933433003,0.01766751362507156,0.008463355639998376,0.0014083913082890331,,,0.5660000000000025,,-0.0014547500145166118,-0.0011702751481904318,,,0.01311517776291567,-0.020390080494149265,
2007-01-17,0.017382064546415145,0.00381821531954733,0.0025760371346581937,0.0001344216510497203,0.01738687987097129,,,-0.6289000000000016,,0.00072262315337774,-0.0021658320680904043,,,0.023095586336989132,-0.0001736435502386531,
2007-02-14,-0.022104646813420732,0.023129429925679363,0.015130237521448603,0.002805450674565107,0.0113826131537303,,,-0.39740000000000464,,0.0008123273624350817,-0.002921246012473767,,,-0.0017863260889383447,0.006577349565692349,
2007-03-13,0.006886247428106039,-0.0034226270942133096,0.0031907503061946573,-0.0005230428633684774,-0.0588213170267408,,,0.8205999999999989,,-0.004340057848253554,0.008060238332479572,,,-0.015768523923376458,0.008957049790786301,
2007-04-11,0.009566993055524923,0.010842209195253756,0.00828091807631668,0.01947959705741272,0.02489264393542574,,,-0.19489999999998986,,-0.0013097314908114268,-0.007668004556123162,,,0.04564259288439551,-0.002136006308322537,
2007-05-09,-0.03137670367037178,0.013352814749138752,0.008854031671497278,-0.0003978839124691177,0.025467450913613826,,,0.12289999999998713,,-0.0033526579987276026,-0.004998465940458272,,,0.006560850794668308,-0.0008887165583251795,
2007-06-05,-0.00509786316847289,0.008661759325039788,0.0018658262803818851,0.007339378554094486,0.010804303908028594,,,0.30990000000001316,,-0.002582737616780888,-0.0010816049366129306,,,0.020420812501472155,0.005946052484222226,
2007-07-05,-0.01940686386899044,-0.0063685450584833455,-0.003174539581278714,0.009728872318696827,0.02787377171642934,,,0.238900000000001,,-0.005348693884672725,0.001261758743412177,,,0.025156076642736936,-0.011333141759467908,
2007-08-01,0.0025733282798335562,0.0046350107983005664,-0.0017311850744630244,0.00598778920866258,-0.04380966674420096,,,2.9161999999999892,,-0.0016020329853265664,0.009368169904631034,,,-0.018567505869931125,0.01267253948205628,
2007-08-29,0.016147836002460936,-0.005202016760066887,0.003529573357168175,0.004440960361488949,-0.0032475894845238476,,,2.5829000000000093,,-0.004267584651828994,-0.0004908796885538347,,,-0.04625699687330446,-0.014827405008443333,
2007-09-25,-0.03617153283614794,-0.003642885754431101,-0.04094503755561993,0.005132209504026325,0.042336839833205506,,,-1.828400000000002,,0.0010762884466697137,-0.007999504879499393,,,0.01403513129040185,-0.0036897069634362098,
2007-10-24,0.007903011166096832,0.007551141501045797,-0.005551581025341226,0.011650993575118593,0.011843187075942148,,,1.9761999999999915,,-0.0010865443835751545,0.0022247700135779773,,,0.022148956756743356,-0.005232756903517959,
2007-11-21,0.009745227199082553,-0.021000962196829558,-0.061252607330825944,0.003301418511539598,0.06402334651996598,,,2.514800000000008,,-0.004234420189595675,0.01387680469271608,,,-0.050291234984642094,0.010583766955423705,
2007-12-19,0.030050339100114256,0.008718022399750851,-0.007392549174442165,0.025035720731949936,-0.02987418182392108,,,-3.7165999999999997,,-0.0030739737233006974,-0.008157866859522855,,,0.03139961677551294,0.025799372034758766,
2008-01-16,0.007182329958373292,-0.0035331213171913125,-0.020063681708764033,0.003597728237051843,0.022601132508229423,,,-3.5424000000000007,,0.0031151709136581704,0.013699148023908415,,0.010820137801220223,-0.030461327927986004,0.0048573929858860485,
2008-02-13,-0.00376605198241456,0.008365807758251359,0.026646074069347755,0.008488979700293978,0.01409908195098727,,,0.9895999999999958,,0.0020782541920586236,0.0012980871541035058,0.01071351113252023,-0.013955316788103985,0.0144294124064811,0.012615065837012898,0.00916178733186587
2008-03-12,-0.07147516659158397,0.011747639025752325,0.009475475257744838,0.0040273748742923575,0.0816251773107915,,,-0.7941000000000003,,0.0005548420383800107,0.011205425829363902,0.011541953810358706,0.001653007334470328,0.004002104718654426,-0.004173858335871593,0.00870616373157386
2008-04-09,-0.034462115775244655,-6.0083276421654555e-05,0.008521238251730002,0.0024614501721608568,-0.03402950382136161,,,-0.9305999999999983,,0.00223679308535965,-0.009020088675934708,-0.005688848449397781,-0.0016339340262092744,-0.004361432275585834,-0.0003716161752385271,0.013253868941671377
2008-05-07,-0.0005020773158021978,0.0011363821190925264,0.01677174512592926,-0.001647224354851454,-0.02276686223308059,,,-2.8123999999999967,,0.0020170276679745145,-0.010176549657303679,0.004810059100073472,0.008050497792232287,0.026572214779317295,-0.002570682707479816,0.005445649846884364
2008-06-04,0.013782227182124443,0.0022443953721950093,-0.014906402395829462,0.000607265978138389,0.014130269399734998,,,0.4958000000000027,,0.0012879486600995216,0.0015945081442751469,-0.01055307841688487,0.004127028314887191,-0.00030696553666463176,-0.0007440271077040615,0.00526136435150403
2008-07-02,0.013189324202286403,0.013947606148600312,-0.06465603985948451,-0.0016281253271560742,0.04746724409282657,,,-3.7394000000000034,,-0.0018097331749381187,0.02347697636895002,0.020279642404531076,0.015549300171262487,-0.0016463546503737354,-0.006946095230332043,0.01225798348177634
2008-07-30,0.014517741579045685,-0.004088736303424586,0.028331226860057238,-0.0037804468946309373,-0.05881445387601394,,,-2.4202000000000083,,0.005175091549114121,-0.0033667696229862836,0.015157786520633692,-0.03800568044091709,-0.004010848075834903,-0.0006964200351112529,0.015808928513206418
2008-08-27,0.07134341132736384,-0.01862648227316389,0.04040241691171794,0.0020558454578657,0.0163417725311967,,,-0.10939999999999372,,0.0009565483582717383,0.001560299373869233,0.01628474142311215,0.001144399738294784,-0.03743111188902243,0.03277014317694851,0.0060679452665594715
2008-09-24,0.01552570462814933,-0.02669292418834322,-0.0010177042697993458,-0.0007493945972677279,0.00790675908119103,,,5.801100000000005,,-0.0009667293249548268,0.01856801622872744,0.04318120262130212,-0.020006151573839188,-0.04163023675170303,0.008143982853169114,0.01124885418783378
2008-10-22,0.19809100552943554,-0.018083255702137306,-0.08932573859813853,0.016708696833431066,0.15051360206129483,,,21.7688,,0.24281800934053338,0.04915802023307252,0.10011406249245089,0.03330792148984354,-0.16636691019115715,0.033522406571825085,-0.002866180502055775
2008-11-19,0.09447420095747361,-0.005670587188751652,-0.09136000574887733,-0.00041634903551077,0.029045288050207625,,,15.923599999999993,,0.0752783967500614,0.009425861815931963,0.13436311299617756,0.06016313634618374,-0.02428613767317418,0.018334366056920237,0.05671606497103404
2008-12-17,-0.16547331660747264,-0.014095742719392795,0.048656325274504406,0.031199822164222894,0.022943402829697347,,,-0.11650000000000205,,-0.013437334006709831,-0.008889752841473877,0.0801570779758214,-0.03386565293129946,-0.00865866615192877,0.0016230289134899043,0.05353694583488987
2009-01-14,0.09983069341764447,0.023792864702272803,0.0024521303811674304,-0.0031645077971863126,-0.001888220432881055,,,-8.089699999999993,,0.009377462101579963,0.013569574189900723,0.009050593917560154,0.021457911297047796,-0.05751474937684379,0.024824101569753673,0.01113832829827648
2009-02-11,0.037940275303066366,0.000897841130282509,0.03307354733546136,0.04431896977383599,-0.012222918400097461,,,-5.821100000000001,,0.008862884123720945,0.0019434802375840963,0.01487405696235999,0.03610906019244927,0.024062195635985436,0.005596972077987573,0.017548927154538065
2009-03-11,0.012856390050585248,-0.00821504730709376,-0.011401456278523327,0.0005890638827378412,0.02380842217249026,,,-7.850899999999996,,-0.0014237188015722207,0.014736599010121927,0.01669834068286695,0.05650154279370601,0.006485162366866235,0.01133771217408793,0.021825123432051986
2009-04-08,-0.08143335986768539,-0.026842717942287226,0.09336943009548358,0.02709479314458282,-0.039421046519396694,,,7.873199999999997,,-0.009479025174967202,-0.01326406449269452,0.027302524458549072,-0.0729127426170175,0.09143519947020874,0.0623444467805632,0.010910949603906065
2009-05-06,-0.04751555475340518,-0.0079578397987913,0.10892255577903863,0.0006472363367961355,-0.011461908520224886,,,-1.873199999999997,,-0.0008424694543968525,-0.014178243575203028,0.01933870179948709,-0.05051705384666079,0.010026218239659095,0.009534193776223773,0.009195762049354092
2009-06-03,-0.04939993171209541,0.0138566892493938,-0.004559248891439381,0.01813299771162778,0.016538666729156028,,,-1.8131000000000057,,0.0014012389839605404,-0.003282748333241811,0.002188233700427768,0.005898560008372846,0.013709982977280426,0.021271297036691287,0.01277446708206287
2009-07-01,0.016396383422500313,-0.0010195273167452705,-0.013247755054334773,-0.011205486607513509,-0.010591966439097681,,,-3.6884000000000015,,0.0024771729763976348,0.00014163302905904722,-0.001122492049949837,0.031398497373020307,0.026276989655567067,0.015057366308281646,0.014970286300898425
2009-07-29,-0.0053269168073895165,0.004567613454087337,-0.00417240792095433,0.004728998306791864,-0.006609393459015219,,,0.9899000000000058,,0.0004605385411017931,-0.009380865093428779,0.008084775449557323,-0.016783767011770437,-0.0024260705279372176,0.022917685273125772,0.012909593570148979
2009-08-26,-0.029937397258929226,0.018000311047379338,0.04575510559208336,-0.0004496058160090352,0.001969712170215661,,,0.9378999999999991,,-0.0006611619604720264,-0.008975017549869011,-0.0013478765279622393,-0.04509919180755917,0.013464977185339445,0.0090510992245042,0.011686114929474448
2009-09-23,-0.04174582033715143,0.016366639287198538,0.011508419037956864,0.0005164395670782285,0.003969887893512109,,,-0.7874000000000052,,-0.0007657110521281062,-0.006304865279853207,0.00026224590628392674,-0.005793908223491434,0.017343329099528116,-0.009984901480843486,0.009441830411979352
2009-10-21,-0.014826648979293464,0.012074267271269113,0.007725452076023693,0.00616223455294786,0.030168834317692458,,,-0.9882999999999953,,0.0025476206908014967,-0.004978883854055525,0.0007323815863281796,0.024734919143662947,0.044320811119565484,-0.015546711726199569,0.011455745602663235
2009-11-18,0.001959220809790297,-0.005092549768085723,-0.008994897874402056,0.00692153863250783,-0.015611040051778826,,,1.0002999999999957,,-0.003939295427303779,-0.0030368990639030808,0.0026185425786969885,0.00453459608720202,-0.01253537537165585,0.009133440808083527,0.01617831621994594
2009-12-16,0.04716782155728842,0.005020499664116484,-0.011739521236885764,0.012162483202436332,-0.010319337348791343,,,-0.8619999999999948,,0.0021796792674169357,-0.0025325742174415436,-0.005305181173429588,0.0023263675683809853,-0.0031450856830189068,0.01721370185964892,0.006927973044473991
2010-01-12,-0.017520276660801262,0.02272971196453006,0.013505992393962793,-0.00010222544809198555,-0.010950090460540695,,,-1.659000000000006,,0.0021675236372950962,-0.006127669802898197,-0.0004280590382549126,-0.00955614163404138,0.016018078976520196,-0.00831065088355794,0.0030265063049675317
2010-02-10,0.07575251900598454,0.029073768212006957,0.017941866467125443,0.005758145174019756,-0.044682819612905725,,,-0.517399999999995,,-0.0006824116096772387,0.007488940811754761,0.0039993632020916756,0.005897564986547121,-0.025427845025793382,0.03687262415706006,0.003894736051710137
2010-03-10,-0.01790894327299644,-0.0008985253166043067,0.002336283910117608,-0.0013464145646466506,0.013905552452119229,,,-0.5568999999999988,,0.004693280358236391,-0.013304386062718228,-0.0014284150284493578,-0.021385150440443312,0.01937868295415907,-0.02032388912801649,0.0056490368411922206
2010-04-07,0.006734678043716929,0.0042997213259766244,0.012648974834232976,0.01035706841552313,0.007545219888340217,,,0.12829999999999586,,0.0011809513934876144,-0.005145717772484573,-0.0024674837813558775,5.032808882162884e-05,0.01956859929343023,-0.007861910135376462,0.003060042789153151
2010-05-05,0.03542436776905955,0.00036439968857394553,0.0029054165105329936,0.005069057142564772,-0.014014817613039224,,,2.7716000000000065,,-0.007976313437316602,0.005538001451622894,0.0031926149429853407,-0.015580135740437704,0.020469820655573612,0.012894414548493813,0.004931227810277322
2010-06-02,0.06941443621027053,-0.0022287049512449766,0.00643390570292718,0.009558008868297448,0.008292748498309136,,,0.874299999999991,,-0.0018010513479327598,0.007098071502464415,-0.006671076135557811,0.02072537555715974,-0.04812849255193986,0.03393441928337024,0.012147301635615528
2010-06-30,0.038360523714925675,0.00712189796820572,-0.014999277407080923,-0.01192857582873642,-0.0014260337134612824,,,-0.0075999999999964984,,-0.013272540368716819,0.01120943649224599,0.002396312698188945,0.01012153078841745,-0.02580915630028399,0.0012676336979546934,0.012062464948047021
2010-07-28,-0.06357266230318198,-0.006752242375965639,0.027037663553885708,-0.0018992498583736152,-0.02770523016615975,,,-2.927199999999999,,0.010534989101595284,-0.017068055102088548,0.010660790164631201,-0.005430115071403007,0.026352835505613747,0.003387174404251716,0.016750227593784438
2010-08-25,0.06501537951119198,-0.023306925619269534,-0.02489651904145533,0.009892753567075162,0.030600867874857406,,,-0.8318000000000012,,0.001075028099053658,0.009451776571591979,-0.0037567267060463023,0.022416441944600216,-0.05321137948101023,-0.005025513231771557,0.01229564031056242
2010-09-22,-0.06618208739220732,0.003425583570603006,0.008151789494302633,-0.0005557625616413501,0.0027860014294610502,,,-0.5259999999999962,,0.001938100672260404,-0.017711937392969404,0.01154078457320324,-0.0060843231411817555,0.05707874473314696,0.0006490629765820452,0.007498070293191643
2010-10-20,-0.05250746688670435,0.004648227330951578,0.011645067125779453,0.008831873787825186,0.03926320411665412,,,-0.8747000000000043,,0.003338131740387492,-0.008770387195662564,0.00027694713291341144,-0.023054372673232695,0.0034089884322713883,-0.014864192805024861,0.007473965925410002
2010-11-17,0.020505437917313518,0.005241245525161624,-0.004538820384094734,0.0015875801753794398,-0.02866542955046232,,,-1.3687999999999931,,-0.002035752668231316,-0.001508783560279357,-0.0004639590396883289,0.01635846150339366,0.015448459366119058,0.024414306603743573,0.004487411461823592
2010-12-15,-0.00801821377029041,0.004702258669841676,0.005470912922875914,-0.000724344866703161,0.01890465635615374,,,-0.7147000000000077,,0.000743455765172533,-0.012688004977731914,-0.00301923335545627,-0.014018247611293774,-0.008182861080966847,-0.014488760643972377,0.005812754733447779
2011-01-12,-0.0038063953880710724,-6.891904682113503e-05,0.010931113878249951,0.0015369114564815756,0.01711181472168059,,,-0.06260000000000332,,0.0015965606798353754,-0.007521305520539782,-0.002169072216755313,-0.01374246395904447,0.014062025563555399,0.007178338199551151,0.0029521589926652524
2011-02-09,-0.055683549622862726,0.005209216770016758,0.03668700896603778,0.03141520512717196,0.026915623497705106,,,-0.7612000000000023,,-0.002466458911994394,-0.007378721441256836,0.0016548126439027515,0.010641378501086289,0.013605169263324465,0.0009525246103944848,0.004864568737055387
2011-03-09,-0.0013384258845313094,0.0020079661951752175,0.0005486892290050667,0.0007020669472770706,0.0011995471948706123,,,0.8800000000000097,,-0.0036663379221370403,0.0014956048630898908,0.003007334358873647,0.0005802420715814111,-0.009397193251433502,-0.025947177708153742,0.006258787608716383
2011-04-06,-0.011343899234236001,0.009450446560079387,0.002311064730371136,0.0004462964628117092,-0.014391169859747649,,,-0.8246000000000038,,0.0041199690237247975,-0.004771583783896909,-0.006693458349454854,-0.0011166128431942726,0.041092143238646274,0.006016544644051818,0.007631912289433447
2011-05-04,-0.019065266457377092,0.015392946932378497,0.01342666600819214,0.0003053715596368079,-0.015077283192764902,,,-0.2336999999999989,,0.0017976264293189871,-0.0018704496757905027,-0.002444921259941725,0.02549818722874885,-0.01547780711184231,-0.027740679850239463,0.0024526583393975404
2011-06-01,0.058973790083869396,0.006176638579858773,0.00021530027642608884,0.004315317122873699,0.007771918377112031,,,-1.5690000000000026,,0.003644745458154655,0.0012139640754237904,0.00266036289257456,0.0009241402923026408,0.003350040494762486,0.0051611573989245405,0.0041252015985188805
2011-06-29,-0.00127270524280821,0.009092627478608534,-0.009454209823400176,-0.0001567675484884067,-0.015531047711028109,,,0.14530000000000598,,-0.00030322192009112824,-0.00041191434990641205,-0.008086668576109169,-0.00560689523589265,0.003322957025746464,-0.012313295213350456,0.011556738761919308
2011-07-27,0.01031966732968311,-0.003247655303869967,-0.026237789694519828,0.0003146978777927443,0.01923385526221189,,,-0.1839999999999975,,-0.003786914858811133,-3.3405898371226236e-05,-6.05239235827006e-05,0.004637700854189139,0.00978768289451316,-0.01786922285431229,0.003901318124532737
2011-08-24,0.072148227251482,0.007548256263692778,-0.030958580614051084,0.008383091464414759,0.022863478335803582,,,7.190799999999996,,0.027838147446011437,0.02117658791882926,0.09808484741531365,0.013028730036036993,-0.0465847907288918,0.018973203265359076,-0.010019155452591326
2011-09-21,0.05066998765488074,-0.0016533632765989618,-0.014301375547734302,-0.005962637037718982,0.0013038190769133133,,,1.1641000000000048,,-0.021325539597145775,0.002210691713986829,-0.021205477626651762,0.041617647590016946,0.012561373809778103,0.04536448778758727,0.009687269841106853
2011-10-19,-0.008101643767989048,0.018020513588019652,-0.006757877818655314,-0.0007820637638349381,-0.02906359631252122,,,2.933499999999995,,-0.012746591594839677,-0.009421143597819969,0.008901945205329448,-0.01909204988391729,0.004277376201953102,0.0206399806324585,0.01646868171299431
2011-11-16,0.002050386950309259,0.0030512674278266286,-0.02677692352073025,-0.004842244684765223,0.00874595854958219,,,1.688999999999993,,-0.0031353735188409428,-0.007229637608237594,0.024915001312854252,0.006412742642925557,-0.020529254522073173,0.022320841834190187,0.01792256671330533
2011-12-14,0.05608569781101412,0.006285747740140977,-0.03575469749209272,0.005531914594857748,0.00033942301331858115,,,-3.5420999999999907,,0.006476914630648745,0.0037205339980227506,-0.003223784821988992,-0.011914058384772257,0.007857589845674862,0.014040690162827375,0.013169099519366099
2012-01-11,-0.004767503759772004,-0.006630092846877554,0.03438056582232071,-0.00019666149407641004,-0.01557096486706753,0.032728759359356395,,-2.7883000000000067,,0.006413038026409478,-0.01910202316171783,0.0025691213577877683,-0.01980279837917819,0.03936091058510162,-0.023666906593073602,0.011010372747913695
2012-02-08,-0.08394044628590307,-0.012061107363421782,0.07276312505736149,0.004654986797508115,-0.01980568902623798,0.0066125267021518485,,-1.2852000000000032,,0.0009170241731227722,-0.012659827722492687,-0.0011584010894466576,-0.008421278663770699,0.02339017460703964,-0.0052319860299410385,0.0038947219763575446
2012-03-07,0.01196205424233263,-0.000760683274223345,-0.011316369691829855,0.0017556473891747473,-0.0007467691998895097,0.009494045822970962,,0.9538000000000011,,0.0002217344074364443,-0.0014570956292454698,-4.949329247145806e-05,0.022081429192518237,0.001269827084124632,0.007547772368189353,0.003986443081972092
2012-04-04,-0.01001718500221601,-0.002015420104044926,-0.023991183093542822,4.708901590723575e-05,-0.033131681800704076,0.009680587913219876,,-1.4677999999999969,,0.0008938300471357174,-0.009902827937340116,0.0022237145926023477,-0.006995005171074132,-0.0074719827408363795,0.008503320863453784,0.0027527751535256642
2012-05-02,0.01340916580790147,0.002805903026189172,-0.01814356298877879,-0.008300637282763838,-0.0012648956687801997,0.010561261941138654,,-0.5437000000000012,,0.0012691948958369404,-0.0016120307013195623,-0.002005004676907794,0.00810753945515265,-0.010354691639267536,-0.005716517499299989,0.0052700506892516385
2012-05-30,0.09615379761407054,0.0015693882958193127,-0.020927401280932775,0.014181073956098598,0.051529867032692266,0.004049541696830205,,0.3346000000000089,,0.00476720366673777,0.01195904240136567,0.0006994441167368585,0.0041667223442207356,-0.027690043605344748,-0.026863504447528084,0.006977274865415649
2012-06-27,0.012244504895720452,0.0003262760969628043,0.0019349212323736072,-0.0260885495050192,-0.024322058536485787,0.009908681312288897,,-1.2270000000000039,,-0.0015644915105822556,-0.005080006586749697,0.012420406282206007,-0.028219447886969812,0.03087927954066874,0.01049822009653218,0.012746127865352173
2012-07-25,0.04660126877554136,0.0004336264904641915,-0.013777560101084455,0.006101607079353114,-0.008006180158335716,0.003378348901359838,,-1.206000000000003,,0.0006466594387771326,-0.0024062987857340124,0.005601783209209731,0.004183170912271994,0.026597452036627358,-0.025830442568962438,0.0021971980001973088
2012-08-22,-0.060064082393364054,0.01614659190654286,0.048220051134689516,0.013416429863706131,-0.050274202454171205,0.03257767933362436,,0.6135000000000019,,0.0016294897138255827,-0.010923775609403458,0.003339198927414189,0.009152653942564532,0.016267567995466654,0.0004634035324144615,0.003899729510369924
2012-09-19,-0.06592791935108534,-0.0044944430796818756,0.019030432865174644,0.0004663833119312749,0.0011198781675906997,0.013317505503526601,,-1.6118000000000023,,0.0016121943987357,-0.009251773013304947,0.0011589421633711947,-0.013973037194856716,-0.010502722952198775,0.006107305275090222,0.002835051193926382
2012-10-17,0.008439147786332334,0.02127843100916538,-0.00892664429083158,-0.002217260524022109,-0.022031376361658264,-0.007476625911412848,0.005962790465465675,-1.2890000000000015,,-0.00011716290050155767,-0.0028721335062879827,-0.0022171030931796023,-0.0008698480665385941,-0.007750476918386695,0.00312265429126223,0.0026494504901551277
2012-11-14,0.04487008566366886,0.007871740919739047,-0.01586002603389937,0.0016578100664340035,-0.031239580954019238,-0.01998515726594257,-0.012728463140326707,-1.8092000000000041,,0.0016975199803206345,0.015019303705877805,0.0032838275011751713,0.03147723630962263,0.016269624062126165,0.0021644124513432814,0.008344394668218054
2012-12-12,-0.03272101010315297,-0.019829845937720064,0.02052718668483867,0.009524367276237896,0.027516535255799966,-0.014508987855723389,0.0071044962449210835,-0.6154999999999973,,0.004995325001114624,-0.014772797345352561,0.0016407303216654685,-0.014008618435527968,0.0233550641714983,0.00023178289623997436,0.003010541856682628
2013-01-09,-0.019637708464748722,-0.01947532816118787,0.02638627991719777,-0.0010216049892864205,-0.0006621508224157521,0.0032567263866509787,-0.01941952733344451,-0.10379999999999256,,-0.0028045196614617397,-0.007173471362498357,0.011256562546223974,-0.027985059954429764,0.017602592509366816,-0.010942716657782283,0.003984075629006005
2013-02-06,-0.044894195367318576,-0.00256024935082886,-0.004233764856070667,0.0025607969610053727,0.024474006567236153,-0.02437461229949527,0.008506766702300073,-0.5345000000000084,,-0.00015320024396105653,-0.010063232062660866,-3.076014469810376e-05,0.00543605740036164,0.009257765355529319,-0.019864754111110158,0.002473075546424688
2013-03-06,0.05385206245770377,0.009596648486631313,0.0023139418898810936,0.005326869413511489,0.011017624409669096,-0.02619611796210642,0.01529023713468452,0.005099999999998772,,-0.0024617150196397752,-0.005051845924932409,0.0016207957124976858,-0.007547720509416588,0.008024753580593158,0.011253649420191988,0.003743694943610892
2013-04-03,0.03323190325793875,-0.005236595384793209,-0.020873804603548075,0.011460013794602769,-0.0002205737804261023,-0.03814744856075424,-0.0024401415188429346,0.17140000000000555,,-0.0004535578766386574,-0.002258829013158306,-0.00023086950626082675,0.00394509087005732,0.012807332174816322,-0.0042870189109762875,0.001942647592991201
2013-04-30,-0.023091398119176536,-0.0027465995990100024,0.026103622248769262,-0.0029604424186416376,0.012954461078154325,-0.03480402892573805,-0.0014397407580442633,-0.06229999999999336,,-0.004363184635282079,-0.006032472899553252,0.005429977399791164,0.00666220519054665,0.004007085761644799,-0.0033667554301439755,0.002807126220000867
2013-05-29,-0.038889729369109956,0.022544645515540113,0.01802821445774836,0.012415114283208923,-0.009764611407311823,-0.009698014153227434,-0.023604900876536297,0.8400999999999925,,-0.002030412738770171,-0.003940712608236976,-0.01014758090977725,-0.004735438495079699,-0.015693198014872345,0.01776252689089703,0.002166779236878942
2013-06-26,-0.007310404131716896,0.012299951996009846,0.005638076481882193,-0.005716174469569431,-0.026424407790853345,-0.024746487497469456,-0.0063171803465660445,0.33500000000000796,,-0.0012969119107270226,0.003964915134981842,0.008549987101208608,-0.002327201939316531,-0.05927085200971305,0.017647036402215873,0.004263529263850201
2013-07-24,-0.033122551687883146,0.004485264759323067,0.022830801732957106,0.0020491494992612444,-0.004599312691078619,-0.030136334802988895,0.00016266209339006106,-0.5880000000000081,,0.0008107670299812303,-0.010718320540003115,-0.006037798589677391,-0.018548189189810108,0.017579298189622176,0.003149572413402552,0.001452358206233827
2013-08-21,-0.017735132267801997,-0.0037058642375740647,0.014993494895810776,0.01663596546288954,-0.017307583402668584,0.07081689446081983,0.011794333178344316,-1.300699999999992,,0.0014945099796023257,0.0027361134966601393,0.0007016680290344801,0.027162115829639108,-0.03389929755199735,0.01595752528989225,0.0030800026760783713
2013-09-18,0.003443300643261389,-0.011606342824572466,0.003990630789802757,-0.0006971039090364816,-0.0004839839331519591,-0.009815245250104646,-0.0073869668360376,0.5842999999999989,,-0.002010376573205392,-0.009153746527386524,0.0015303687885623975,-0.001131092556740997,0.04018252812818641,0.004488778982663554,0.0017008730582279714
2013-10-16,-0.01805592099484406,0.009300123986316492,0.013015280941982477,0.002268846896684286,-0.00428240806527882,0.01404498230909848,0.0002912343571219004,0.053999999999987836,,0.0014511171358433774,-0.0016509379596853513,0.006010637741934303,-0.02334577187028336,-0.001910579802511234,-0.0007466419680513256,0.0037576308101562876
2013-11-13,0.00690094612181907,0.013358953024610485,0.0013969266604458247,0.0027245401252223933,0.011330518359834334,0.014314620113099296,0.003491256357117654,0.29110000000000014,,-0.0020041268128588147,-0.005489831659368623,0.004061281743164364,0.017245490472023707,-0.016273621278071512,0.01027751870051573,0.0019553256109698107
2013-12-11,-0.05250749427249467,-0.005108872037570187,-0.0010389426174093543,-0.005926607957889459,0.004562880017426315,-0.024391529718365407,-0.009208209491394117,-0.4358000000000004,,-0.0006861569945497331,-0.0015385954668749211,0.002047991545680237,-0.011252131021010116,-0.004442053456857475,-0.008705522673473591,0.0014539463392175655
2014-01-08,-0.005572970169083315,-0.002408159029973837,0.004901924229660015,1.6832608128880533e-05,0.024113276115218983,0.01021167997081791,-0.010243040581108361,-0.10869999999999891,,-0.0005020043366386389,-0.006678070742200991,-0.0007711118813033007,-0.005011206831119831,0.010050235933532351,0.003141973250760592,0.0020868770827493785
2014-02-05,0.023723271692387686,0.00636074721684437,0.008315709967561613,-0.0021647522443909717,-0.025830338683481165,0.0005777638422702567,0.01592741226685143,-9.99999999891088e-05,,-0.0030913983233480406,0.008836398504567767,0.012831343819820831,0.006709611717105867,-0.020298402604417797,-0.007504093977103735,0.0068330039473364496
2014-03-05,-0.0208970607196122,0.006588242775285398,0.005135102233425022,0.023113420610223537,0.00706779723096225,0.017001089418264097,-0.007661603928910349,0.6657999999999902,,-0.0011561808783847108,-0.014565636343171436,0.00015340247467770393,-0.014532263824796735,0.017020241481377416,-0.002492213127959607,0.002458974076666188
2014-04-02,0.0051206626904942674,0.013596613978735718,0.009339910469535171,0.006567398341472917,-0.014322732208385775,0.014305797279579134,-0.005811804162642519,-0.7669999999999959,,0.00014830304270870652,-0.003261618461585394,-0.0034650317319194737,-0.002627632561669204,0.023504797089583133,-0.002945947459293543,0.002009373595848168
2014-04-30,0.01859879212720486,0.009916015127651369,0.005103130841056254,-0.00026532019553498923,0.0012363359783102593,0.007873899617459712,0.00032089992583059256,-0.566900000000004,,-0.0006304398824809294,-0.0008833476925919671,0.004211720675784583,0.009340522009498042,-0.002949383549443479,0.0009154888053887676,0.0020702137242118645
2014-05-28,0.018735055680665254,0.008912403614261403,-0.006204830974670275,0.003341383736783087,0.01296904458243892,0.00544668432592319,0.0057658391979600425,-0.2710000000000008,,0.0013864434761520796,-0.004453843101955957,-0.0004514429271044383,0.0023556474894163315,0.0018378331569872584,0.0036671481983161754,0.0011681447431840975
2014-06-25,-0.008282617942091423,-0.008678430739353593,-0.004687308297486821,0.011797555335599027,0.024235165490367538,0.0010136079931298868,-0.014528931158999552,0.005099999999998772,,0.0006665876883669563,-0.005646355689053032,6.892814243869932e-05,0.005180527207947828,0.004412720267229769,-0.0005996819588154261,0.001468771054900809
2014-07-23,0.01870263237251292,0.006148871495408706,-0.009597118017640878,0.00436916952764979,0.019425723768312367,-0.01488157800932213,0.0021177582973436445,-0.18769999999999243,,-0.002297897324126203,-0.0030782027690548323,-0.002469390183594233,-0.002215512583100575,0.006907165759989489,-0.0030647460592725367,0.0014074324767585356
2014-08-20,0.016493763838841363,0.002601267960471537,-0.011285809213413931,0.007146229785481079,-0.004005175147686369,-0.011887754165778133,0.009416674231020375,0.056100000000000705,,0.0036888930720669864,-0.0016259437574538316,0.0057250726094783206,0.010895335649631386,-0.00038005589966401946,0.001807826323621454,0.001665659763654778
2014-09-17,0.01095028385305906,0.005301597489165753,-0.00013183331695472588,0.002095645214801892,0.03662783850498504,0.03916262692658561,-0.019938295632761307,0.09049999999999159,,8.872130426140719e-05,-0.0027586224390797514,-0.002484810173759267,0.004195157654655498,0.0012964904247121732,0.0174499131967686,0.0017444586235800957
2014-10-15,0.04268514888170906,-0.002511762189024342,-0.0036289098504688824,0.002661810860199041,0.09171191002731677,-0.016461071112030125,0.025368000520428965,0.8924000000000092,,-0.006184944518252584,0.017562967756597346,-0.0017647961066412036,0.0017893218976646555,-0.01807962731046392,0.01260581165226724,0.0037779458172555653
2014-11-12,0.003373176141466932,0.007340874370759923,0.010780184489222262,0.0005152247980472808,9.271526869513984e-05,-0.007623137013209422,-0.016383568962878913,0.09770000000000323,,-0.0015187049261855628,-0.02354252112818046,0.006358714192792655,-0.0009232798424662051,0.025587047108688664,0.008130731996117363,0.005426321734812666
2014-12-10,-0.03221277701268059,0.00679795261641017,-0.0002168589720102287,0.010055444454019177,0.06509457439154871,0.0020607138293782918,0.00012896945106018618,0.7152999999999992,,0.015098923383082915,0.002207834186065749,-0.0021220518006368864,0.007731527525689779,-0.023868033004225735,0.023789580330550737,0.00113670077528091
2015-01-07,0.061386126787121215,-0.0006394499153561504,0.013717364312435799,0.0004752712485458804,0.0714623787959306,-0.004307660887118884,0.03076781377704219,0.13649999999999807,,-0.02295999342800588,-0.0012647121239749385,0.007879632280229832,-0.01202578706177945,-0.004314098977375002,0.010144988418750363,0.0059879842112952435
2015-02-04,0.04515900686670779,0.0008284008714172683,0.004622396056326797,0.004644493284151664,0.0007260121234675756,0.03063903622648034,-0.008893026438182678,0.1752000000000038,,0.0017106076827078638,-0.003946360565338037,-0.0012573675526887768,0.012557639937465993,-0.04648804519906128,0.0016427858955754518,0.006024905827596637
2015-03-04,-0.0031329287974856687,-0.0005556547774054752,0.010788804949643103,-0.0018946617826885081,0.00777272412204791,0.02592403581314481,-0.004729341950421939,-0.7046000000000134,,0.0028221010806339514,-0.008684893880899621,0.001595657620632058,0.0029323048745081297,0.03463399583419517,0.015589044721865779,0.0020154022292894927
2015-04-01,0.018889617406404543,6.750920128225426e-05,0.0017058346920901925,-0.0013588157731000763,0.02175132563196235,0.005090396687508858,0.028398092330953403,-0.8443999999999932,,-0.00041121649632348275,0.0037853123045237256,0.008678273079939684,-0.014665349915363363,-0.011256311773558667,0.014602175087561916,0.003819853404747065
2015-04-29,-0.0198523070397657,-0.005396125378747184,0.00981224943883836,-0.00378012504629371,-0.04045689477596183,-0.028879875360064162,-0.008835200021105036,-0.45019999999999527,,0.00514669175176878,-0.006941975676398138,-0.004428052963968916,0.0012725898720550035,0.031662292311499037,-0.023097825770403466,0.0028077552158491882
2015-05-27,0.018705306729412844,0.007362334808504085,0.0224858870738536,-0.004295868028686699,-0.0340143268093509,0.005478120457369618,-0.009179005454520953,-0.991500000000002,,0.0005206512721092696,-0.0043386297531167505,0.002760391389006922,0.015546077819112715,-0.02184702079401153,0.023218708863141577,0.0023788577520170626
2015-06-24,-0.030398211661234485,-0.004188652417506328,0.006566165113658551,-0.0013316135734195616,-0.026975211971740423,-0.02172721409767122,0.0034119280778906165,-0.9484999999999957,,0.0011593342558913944,-3.952855609291417e-05,-0.0007274106342677595,-0.014074262225853007,-0.040143295590859614,4.4043711916307566e-06,0.002349157241657161
2015-07-22,0.019581586160734677,0.011722213858755836,0.00762476033417573,-0.0031044866661068663,0.007501767268732743,0.009012921925517307,-0.007317891988192401,-0.491100000000003,,0.0025517408698136016,-0.0030351840451037135,0.003421035730012409,0.017817908510591243,-0.01174961800282053,0.013118342181733907,0.004978466294401319
2015-08-19,0.010194651855847506,0.01929839924460737,-0.008092864148333077,0.0005660348564088362,0.015069624778676202,0.0071624449499156735,0.010498121089803462,-0.5613000000000028,,-2.2225432563245725e-05,0.001650699280736613,-0.010955740309956441,0.030469603124632382,-0.00954841806375114,0.012615151118322523,0.0025978691152163938
2015-09-16,-0.013897766990549948,-0.004828354706176231,0.005390834990138168,-0.002898089142610572,-0.04667977968903353,0.009968751019366052,-0.0031459467176107995,3.7771999999999935,,-0.004708092640169046,0.012170322802474206,0.04107914257770552,-0.008943563466080483,-0.03274185498298405,0.024267975280283235,-0.06889996824661718
2015-10-14,0.014853861599056037,0.00592952620532421,-0.0034122329268529753,0.01508345817838524,-0.004772862205455441,0.009318588819881327,0.005081944928412483,-0.7979999999999876,,0.0004688319844166295,-0.0006519670074856697,-0.008175600818382171,-0.0070131003724692425,0.013010013279088897,0.008071791041064152,0.010550914343695424
2015-11-10,0.012893027774674564,0.02687297774381452,-0.01310500544143577,5.955748788255631e-05,0.010771345340917737,0.01326572315885119,-0.009026069625756855,0.007699999999999818,,-0.0011166281969858965,-0.01537864984607245,0.00823443601437246,-0.008111351976261486,0.01998070809767151,-0.0015152697840030169,0.003121875845360493
2015-12-09,-0.008905505527188313,0.0045531594734896435,0.0007954801668914924,0.012057573081626093,0.0020858670648242644,-0.005549921784328925,0.006500896925856435,0.15459999999998786,,-0.0016922054513528145,0.003213544604345128,0.005339092518577678,0.01010612243699251,-0.0011979741903326464,0.011517668825131269,0.0033143731573292423
2016-01-06,0.02857065426128254,0.014070334175732335,-0.006656499790225224,0.0003065504276233346,0.02577648720456461,-0.012149502126608334,-0.002033607564365656,-1.4324999999999903,,-0.0006866440542948452,0.006606156410841207,-0.006388681786932534,0.0012405575448603758,-0.007899947344331758,0.0030619884381528225,0.007195610705125448
2016-02-03,0.03973182543897791,0.017449947674310035,-0.01934285548711828,0.006765545721769556,0.032259698290464184,0.006762484900869423,0.022186812440249205,-0.6884000000000015,,-0.005818040305052375,0.013302867785483586,-0.006604254113947242,0.030872327927425197,0.0038252883881474643,0.021663394735985428,0.013212290736020618
2016-03-02,-0.01676580405465372,-0.022699752736744783,0.03529050277685858,0.006037670891981908,0.006416936487749866,0.0057575718223974205,-0.0022043654159736763,0.13509999999999422,,0.007928713408615992,-0.014694163227005978,-0.008330748963356251,-0.008371330489239447,0.009436689598074404,0.0036709917455665423,0.008627832753151123
2016-03-30,-0.02269830815348152,0.011441675730842689,0.0161605711413402,0.005605363380301527,-0.018171647589841324,0.026325226490845153,-0.007782642071101017,-0.5524999999999949,,0.0026562416799391386,-0.014673360164724128,0.001858246876149843,-0.006427174771200845,0.016752954039441204,-0.0014714971834475685,0.001761762508823059
2016-04-27,-0.02327621369289705,0.00437892719640958,0.02061084917078392,-0.009805801851565751,-0.04125717178530576,0.0011311208082034239,-0.006694473663412434,-0.23810000000000286,,-0.00023780682766300857,-0.004997404807088723,-0.00011020394719328483,-0.01655560361231789,-5.266204033591402e-05,0.02047843211548418,0.0020452644588715096
2016-05-25,0.022042892525730315,-0.002591295691770247,-0.000792262718598819,-0.0004451728751401937,-0.004867845480626122,0.01161684738643151,-0.0023278762530388355,-0.8252999999999986,,0.0031241329233662085,-0.0016624216189524885,0.0004869230935756003,0.014375892213744409,-0.019598830275530228,-0.00034973482433235556,0.0031230869820877342
2016-06-22,0.0053690494596286345,0.00114600295971476,-0.01653949229389035,0.011181648702048536,-0.010474062515959634,0.0030114938306874508,0.013809381261968833,0.44190000000000396,,-0.0027823033889386823,0.0001744158749699213,-0.007276042291314902,0.014004941178854953,0.008554644778383195,0.02212040991097496,0.0027700298355520666
2016-07-20,0.009309746253177167,-0.0014432385858033198,-0.04674947088570827,0.0031965747193072346,0.01360489323202571,0.016583561112809984,-0.0068329684637475204,-0.07670000000000243,,-0.0018815100760164385,-0.011984434300279345,0.015854428832202814,-0.007138453508658577,0.005726035982926432,-0.0013660930205276107,-0.004241754703868094
2016-08-17,-0.03538574315450243,-0.0007821554763024071,0.014089683793176386,0.001956556219419634,-0.019591401865284252,0.008721134105731153,-0.008391839778657302,-0.6287999999999982,,0.0010490252839646446,-0.001997839736532664,0.00016738608545667464,-0.006375661611342593,-0.0038025963978342036,0.003469213124411671,0.001590903752658906
2016-09-14,-0.011920634582511122,-0.0005511613576250357,0.017310645753213436,-8.35869055054238e-05,-0.038346593723550135,0.012904302944905282,0.009511494926222528,-0.2353000000000094,-0.004059321704666989,-0.0037398538709830812,0.00470959549643788,0.00805473949294915,0.006933811544900909,0.0044325382709854535,0.006773991574994023,0.003442722159977321
2016-10-12,0.014693201404038394,0.009159145986885942,0.009782120705083207,0.0022513831668611547,-0.0003802571613874702,0.0016578506406924134,-4.185234493321509e-05,-1.3275999999999897,0.0013850278717794343,0.006620865702236457,-0.004995327277878732,-0.0016858376854356123,-0.015574301546044628,0.015299664580778263,-0.01880142376767804,0.003315709968224971
2016-11-09,-0.0009399883641126488,-0.011531870994651522,0.03160887474121412,0.004567641704537623,-0.012185768089107603,0.021041765813450117,0.00581956472130782,-0.5553000000000026,0.003913860143453096,0.0036339589039767633,-0.0049657005574745335,0.0021128818347172723,0.005398831892218614,0.02460626135073213,-0.0031956747310216095,0.003146357687533155
2016-12-07,-0.0029217916158064887,-0.010668988970569351,0.03077517224249048,-0.004296369435942067,0.015138218497179093,0.01412773815486739,-0.0015268783070204012,0.2989000000000033,-0.0007095636481456842,0.0017714796483817993,-0.006737543583096625,7.848440008367714e-05,-0.03993498949956267,0.006369688803193232,-0.015822857107948975,0.002096696000603585
2017-01-04,0.02869912418713424,-0.002826661172062744,-8.102952562925334e-05,0.0008735992843819178,0.01952251336439252,0.0106632007696649,-0.010233525547422344,-0.3896000000000015,-0.0011203362180129551,0.001046649711162578,-0.004360311577678588,-0.00023547168207196456,-0.01013503098626095,0.0020379660352083935,-0.008687817812460946,0.0017294296503090872
2017-02-01,-0.03730187855251151,0.006775887519968077,-0.00091057362242448,0.001450296030296364,-0.013383987983450061,-0.006993388883858229,-0.0008875557749508803,-0.8928999999999974,-0.0004104371212898383,0.001685602486599049,-0.003116281269573812,-0.0011568859060774313,0.011631869049361093,-0.007856032409209849,0.006000183176158662,0.0022491102446574353
2017-03-01,0.013206032673686195,0.013570723722599128,0.002786994466181086,0.007292731383745788,0.013407837287647644,-0.004447898520244798,0.008865169028630316,0.5154999999999887,0.0019205959749422751,-0.0017740093941829723,-0.007980265881250538,0.0003053207489165938,0.003931701701488864,0.023779931861760483,-0.004199793933333331,0.0018483021532790663
2017-03-29,0.0027228180473482006,-0.008611854757403043,0.007115140356458761,-0.003113100445233335,-0.030739115221354706,-0.007339030575343257,-0.009053813438491909,-1.3821999999999974,-0.0009298280488159955,0.003677015468095607,-0.0013152557549548662,-0.0013038259162950578,0.023713669934393486,-0.022483546970570086,0.021889112244289716,0.002816017742804446
2017-04-26,-0.0202455907184759,0.003974823690794568,0.015030195863212205,0.0011361489567147834,-0.00976468536892139,0.004314913832741486,0.0016043481266142224,-0.3970999999999947,0.0017389744435631022,0.0027781969862968035,-0.003815620598757396,-0.007018547179797628,-0.0005633286506587365,-0.019699068666151964,0.020773855332393853,0.0036389558566652692
2017-05-24,-0.010351923180258762,-0.014733990417534062,0.012617888670004627,-0.0011501219469250128,-0.022369738110141632,0.010502453480151606,-0.006306854648575516,-0.06440000000000623,-0.0016489532885308332,-0.001413790181466272,-0.0015753794014074715,0.002245318312479942,0.0297808826888504,-0.010689898486706139,-0.0018282738596664726,0.004510235990587766
2017-06-21,-0.001693429601208984,-0.0020091757785946677,-0.002597782865284686,0.0009407446342855896,0.017436615579315768,-0.004880520528296381,-0.0007595025169963089,-0.1033999999999935,0.0007298723047534788,0.000908571407334399,-0.003412443205946607,-0.0001557224058401665,-0.0021504640000899623,0.017564070649371297,0.007323886690642914,0.001956668581790845
2017-07-19,-0.046915208395739025,0.006016101358121255,0.012175830439783167,0.001269549131858291,-0.030664121279318998,0.004672487364889185,-0.0031419696744727833,-0.5692999999999984,0.0008891242712246591,0.0009370150900802336,-0.004544464928331233,5.191016304535394e-05,-0.0060551319935091535,-0.012588274238733259,-0.013814450155379927,0.0010592343589172235
2017-08-16,-0.01022406983971823,0.01422932859067871,0.007325777524654348,0.0006361611524078249,-0.0038820425009560276,0.0015282319109511625,0.001454476564024938,-0.06220000000000425,9.985670562906304e-06,0.00013169735965821137,-0.0010647738361794158,0.002527002035577312,0.015409885192138435,-0.01234619717171655,2.1362126062160547e-05,0.0024948898681725925
2017-09-12,-0.014842568135594857,0.0005563177585797558,-0.009224669120992159,0.0023718294376617642,0.0055676801280955725,0.01346973599741063,0.00019505046866374277,0.36350000000000193,-9.986119302484364e-05,-0.0007245502067971839,-0.00214718992690337,0.005601934441820844,-0.00490014814343677,-0.006252569667727875,0.0049313910893841895,0.0021310548385608213
2017-10-11,-0.010446204745542283,0.009485969293948605,0.0021964454314042617,0.002351359014885496,-0.011743069109114386,0.012537172755158244,-0.00641717335381323,-0.321399999999997,0.00024963428706774,0.0023400889674151095,-0.005925076049199097,3.448257130717742e-05,-0.014783606264996979,-0.007838604746325502,0.010701458096314771,0.001817649029629053
2017-11-08,0.01617779389313936,0.008379067606794492,-0.004619438599127341,1.98108264190856e-05,0.04088052954270018,-0.0026927252424467666,-0.004916189147368237,0.20649999999999125,-0.0014487470873827664,-0.0012205507148426095,-0.0025952253842891613,-0.0022438440275388614,0.03159846979810302,0.019890953075945673,0.015234816893273669,0.0021178637592451787
2017-12-06,-0.010057003561308417,0.004395058544562393,-0.007806421989209518,0.005106008961230688,-0.021422748509001725,-0.0032021015370273594,-0.015133892114462111,0.02740000000000009,0.0009494161804092151,0.0006652752181796142,-0.002803518452464155,-0.010475530728592424,-0.004369258591865245,-0.014112260312162762,0.004364543938843366,0.003024325380357286
2018-01-03,-0.042711550603947136,-0.009587260724754893,0.03011601427373522,-0.0006299243855451714,0.0357666343571541,-0.0015317766721037523,-0.02939852222678685,-0.251899999999992,0.0002996284629503206,-2.1925096562505202e-05,-0.005051755038605241,0.002721750517302937,-0.0071060033975106525,0.0043256972972990915,-0.0022739318101329823,0.0013423828973773782
2018-01-31,-0.06091695148297026,0.016515297311332566,0.002754107259007591,0.009042035466314295,0.04548859167013072,-0.0060556977059955195,0.0169402552853483,1.0908999999999907,-0.00011984061212952654,-0.003543558684329512,-0.0030143202929227013,0.006152823559721058,0.016565824323350894,-0.014270458899988063,-0.018364036001798367,0.0014494327822877268
2018-02-28,0.0011381513565582452,-0.0007314774660813068,0.016051151534242407,0.02141377980210281,-0.07047761210126995,0.003429055550597172,-0.0017834688981904578,1.2543000000000006,0.006550154819986969,-0.00297484821805311,0.0038676922485261474,0.03820940578163298,0.009475516499843607,0.007838310229563092,0.028062439526071858,-0.038128406249946734
2018-03-28,0.012386026259651387,0.002845080979115841,-0.008571750076635014,-0.004626890382035956,-0.0170612894268422,0.0023230747930521943,0.0018359993422215237,-0.15269999999999584,-0.023004055377334562,-0.014941247780933729,0.008637248335156215,0.013158212846577637,-0.0053427408982175345,-0.0007938730136617041,0.005259174926870938,0.002127290400457711
2018-04-25,0.012167536648510639,0.007084277196846276,0.014321993267225766,-0.007150086155488985,-0.008233812974560653,0.015726165329824758,0.007415803249672571,-1.7682999999999964,0.012902103167650947,0.004633707651756436,-0.0063122536057416455,-0.005514968946028091,-0.0002564534828960777,0.014819342551145427,0.009994687774674351,0.00862709792128704
2018-05-23,0.026696128367888854,0.012527360260021218,-0.014274272001211336,-0.002929156681389272,0.015142527165085441,0.0035609041731028087,-0.0024546781961152643,-0.6711999999999989,0.006692863646099728,0.004641927983958042,-0.010600063000401954,-0.004448082221727651,0.005952284098101808,0.016269181205539864,-0.000611840236429318,0.002408065680572313
2018-06-20,0.008088124064926925,-0.012270953235037107,-0.012723162603961268,-0.002251641456531603,-0.018590076704160054,0.020531769254091378,0.009166628962033936,0.25489999999999213,-0.0006971625766649539,-0.00047358646427886596,-0.002656703165378156,-0.0022294309021282225,0.0054215420298240665,0.00226300584466691,0.0030997072344965174,0.0027039910583745623
2018-07-18,-0.010024359484839613,0.0028109879435564726,-0.016425464840699906,-0.0025190549627936544,0.018892699786586278,-0.008397748938309553,-0.0019357918500969272,-0.26259999999999195,0.0022391522474490533,0.001981648225770569,-0.004864549732588508,-0.003344115067940556,0.016719349588975634,-0.003726337539209665,0.007386356122668611,0.0033147645423700833
2018-08-15,0.02784796769156455,0.009686123632677048,-0.010776920583185011,-0.0017151432180514334,0.004563217617917045,-0.018144733124998844,0.00500649113738219,0.00539999999999452,-0.0005767242224923254,-0.00012558498611057854,-0.0005876908327764452,-0.003722622066523323,0.015155246969844985,0.0051600085449865565,-0.01163533402788374,0.003107890114384373
2018-09-12,-0.03885218684646396,-0.0010677121395478411,0.002381719274339048,-0.0056425170512787465,-0.019907924380511432,0.014847315767643976,-0.00109212559449322,-0.06690000000000396,0.0005270197157745804,0.001528109760196119,-0.0051718537205693235,-0.001729435129267879,0.024260330697633756,-0.026951411722724996,0.009614749441228749,0.002763619453657636
2018-10-10,0.031882749888131334,-0.01075717990864726,0.001368005350520595,-0.0064060227891676825,0.0019428961253915025,0.008600737662675393,-0.00266971995057843,0.17079999999999984,-0.016771398217722548,-0.008712650593790403,0.007036580828854762,0.01040714398322389,-0.004568046043762989,0.00958554644247762,0.011653945773893969,-0.007369151403333458
2018-11-07,-0.001278431157418693,-0.002821509519853474,-0.008863980344625478,-0.00657074370650365,-0.07494550600595414,-0.007669027001996754,0.0075311972883466355,-0.7492000000000019,0.008947007002410062,-0.01346937735635185,-0.003806560985595443,0.0015497493231567835,0.013546475739106651,0.024487516814465895,0.007356757487553214,0.021097686554980753
2018-12-04,0.03319155142614371,-0.0015956253077748696,-0.025924266995804707,-0.012566623568123438,0.02215702753781599,0.0013475877700028073,-0.008454161000506222,-0.5227999999999895,-0.010960780268315153,-0.01027959291876019,0.010677430790608386,0.012744986298276709,0.01131232474575061,0.0146485690196543,-0.023215201382453234,0.0018959953861627595
2019-01-02,0.019585451289548316,0.02118921809236678,-0.008789522958949142,0.022352900950925486,0.05090466021466273,0.0051833391767003145,0.010803196058422672,-1.8489000000000004,-0.05336401998791256,-0.006988971542712854,0.026269059946101226,-0.049624247645188295,0.011353103284919439,-0.04245346110615747,0.0045304816291273555,0.006187202670845473
2019-01-30,-0.01611750541225283,0.016983064360129026,0.033566650202395396,0.0009901210382017704,-0.05595039040981256,0.009260503257805813,-0.0060078974935010845,0.6589000000000027,0.02426773232592357,-0.0008828260216337759,-0.02654590479090585,0.007109430551671761,-0.0109375490684144,0.02260554488385407,0.0121749669219734,0.002586176558377779
2019-02-27,0.0007052812367630894,-0.008257930654787532,-0.0033608516344454066,0.008253147152377892,0.0029146936430744547,0.012896396927323254,-0.010224810863131857,-0.270300000000006,0.0001355642341915826,0.001089985293327608,-0.013837446300991972,-0.0003929424956509812,0.004960155370143582,0.011076878521128958,-0.0034823225084118607,0.0013339523943931904
2019-03-27,0.01790516157363352,-0.006143815925121556,-0.03749791682308583,-0.0025287183218516704,0.026914140471029916,0.002088642693886693,-0.0021250974603214305,0.012399999999999523,-0.002223487405506138,-0.0011975130010171047,-0.0011088032714723936,0.0004149502025635336,0.017320293154719068,-0.007112376361476895,0.0016094939432416274,0.0036343281308012726
2019-04-24,-0.02616106460669347,-0.0013484822416061327,0.03942935962232386,-0.0059272991508018584,0.02628037130367277,0.0004383899332103981,-0.022998513432514026,0.3509999999999991,0.002421586695603061,0.0013739481673047033,-0.011081393469466003,0.0006150833224547053,-0.00923029117436524,0.003991819403193292,0.0010815751540454682,0.0012626151701389116
2019-05-21,0.0188015265359492,0.00791576833287855,-0.04531970300656183,-0.007545205977145393,0.003079312803042339,0.008497246019704235,0.00023102963378683185,-1.0609000000000037,-0.004629081563275547,-0.0009822957346292082,0.003836598646627348,-0.016213918141928244,0.0020272782645646965,-0.017253668217620203,0.001983669157420335,0.00555157293270252
2019-06-13,-0.009398360650127438,0.005585098691713452,-0.019487519320372394,-0.004684007718393511,0.008014787880518253,0.01028717159762244,0.007315009780961299,0.49080000000000723,0.0019671039700134407,-0.0019828772040957937,-0.001655246838159039,-0.0005856415237351795,0.015806879215446316,-0.0024670866319781246,0.0011417275398571622,0.001906087799459892
2019-07-16,-0.01265852000084303,-0.0012738551713446758,0.007319420373859036,-0.0028865639153579405,-0.008326638144714935,0.0008445296219943279,-0.0038921916598585503,-0.1968999999999994,0.0024534509375865525,0.003225933132858209,-0.010245729980358645,-0.0015492497002098015,-0.00037105692725585216,0.01565869948867627,-0.01900424017863453,0.00239864585533746
2019-08-29,0.00752557602117153,0.0009106837530467392,-0.048655781875813674,-0.006147292126668588,0.09661100429348518,0.00020512984181416462,0.04627276703737955,0.8100999999999914,-0.004137807226603631,-0.013875974048948773,0.007091695511457325,0.012278346250699115,0.024801403672259425,-0.018041465521327987,0.02461501954786998,0.0007029707535148425
2019-09-12,-0.003591393339857577,-0.015395075943186528,0.03965183658049698,-0.0020101420212174,-0.04511760285161387,0.001045903810775702,-0.01332855210670562,-0.08019999999999072,0.00458608579232176,0.004360347977133449,-0.007634657381725968,0.0001553537006728277,-0.023500920224934062,0.020795030836352625,0.00599215320301336,0.001686228424322828
2019-10-08,0.021087309730988747,0.012845244515729904,-0.022159756587247205,0.01009837057197684,0.0003328758995118329,0.005217879049085476,0.017721070576945552,-0.012000000000000455,-0.005319300447564338,-0.0010146819920264184,0.00862229700350281,0.0025204165328042497,0.006106478810564129,-0.010308076077282957,0.007567851671894868,0.0039041250959634516
2019-11-07,-0.02369653820274217,-0.013979592116760907,0.06219023388712615,-0.002407002147793374,-0.03848470810366709,-0.0015689315314777823,-0.007743008301740328,-0.4789999999999992,0.004777170698470438,0.005502544893495187,-0.0148724592267669,-0.00609494782216934,-0.02098428225444839,0.010737261491967288,0.0010199013021447783,0.002430403724841338
2019-11-29,-0.009719444549704208,0.015535264387142565,-0.017648769766152147,0.00878559368962369,0.0032381975455800243,0.0026270823997060697,0.007170414838085184,-0.127900000000011,-0.0012417500878192714,0.0,-0.0034977300437545387,0.0002569623101446594,0.008516908549449082,0.0009247734964154211,0.0034773805021904958,0.0007842863304720844
2020-01-02,-0.02101122326826421,0.0011418786314797778,0.012280868646806354,0.002835985221547335,-0.0098469270600486,0.009972879411300505,-0.02748339892999813,-0.33039999999999736,0.001095741848523486,0.0014017038385041542,-0.007492733495791478,-0.00324947852713912,-0.005244654320706113,0.006747395120938089,-0.012240472065234981,0.0030888126391353386
2020-01-23,0.008381084300509184,0.005061565826639022,-0.034005516314033264,0.00015918662589118671,-0.00012949385665665607,-8.289321802237304e-05,0.014871458221338653,-0.296599999999998,0.00012515122455950936,0.0005616702527834319,-0.0040911175350095115,-0.00012415214055195903,0.0116755395199221,-0.006724911281197072,0.004611680267902346,0.0009416494413480501
2020-03-06,0.019071125368138812,-0.0008837282066350619,-0.056498135653823375,0.0006355051911685539,0.030162507413322066,-0.01926267158505561,0.05612278380331867,9.392700000000005,0.06736328984244357,0.006425170656812759,0.03068665749676893,0.03801323529670799,0.0289217052202177,-0.04681608145723223,0.014342944098081484,-0.04122482240260595
2020-03-23,-0.003451196402611973,-0.035348121964130626,-0.0892723459899146,0.005448933551295659,0.06449838071589924,0.0022878614459266723,0.02467734378934313,4.921499999999995,0.14510717496867045,0.1781552670312611,0.0749296587489445,0.1381423325858883,0.062008923152668254,-0.03950748894256852,-0.035866511429955464,0.0428172807699909
2020-04-22,-0.013341238344693283,0.017838790772424857,-0.02156839982043322,0.057741562232807214,-0.03630979335080081,0.13647398595692306,0.002936784698058494,25.959500000000006,0.1414726250322002,0.1267419600715496,-0.06224663435188778,0.06251633527931462,0.026531312961602594,0.04045733977228036,0.031203880117541175,0.03357163850025339
2020-05-20,-0.04163881644923357,0.0018000699965742082,0.03462351262231858,-0.015764507857432615,-0.019511508133122843,-0.011436735712301792,0.00398196676859382,-3.4891000000000076,-0.01726230264783137,0.0019362833923047564,-0.01863421833048624,-0.00985200078167314,-0.022347066962339856,0.014581408578125574,0.005038419473240268,0.004151677050673723
2020-06-22,-0.03219179293554733,0.014610459355289545,0.05132769046339104,0.010045747009949792,-0.01847101510198056,0.045815613489252185,0.006571370942385808,4.678200000000004,0.0017783602851905707,-0.002973510931235893,-0.008030837938663998,0.004331018870420142,-0.009579102417411159,0.010079384608462017,-0.00092118062169222,0.006385381217102371
2020-07-14,-0.028238246853069447,0.013035471046984118,0.0006931031305123228,0.007732249954340701,-0.001324304181505774,0.0049993457433285295,-0.008533047354645993,-0.8555999999999955,-0.00023048755655117036,0.0038335036209035914,-0.0060657381611666904,-0.0055946602338741444,0.006585822202718928,-0.011585301380465679,-0.002941675534253407,0.0038056434925476472
2020-08-17,-0.05214616418275418,-0.014597837246036761,0.004199946858203722,-0.011363880308748936,0.011522114271585924,0.013155160163330366,-0.010999532981519672,-0.6193000000000097,0.00012640298030450593,0.0031357923650690987,-0.012937863195063647,-0.00032880847617920196,-0.05535211184004401,-0.025250891064202568,-0.011576433535925412,0.0034653267267103784
2020-09-08,0.00012984974711586228,-0.010728787631885577,0.0038090536494713697,0.00040905366427686137,-0.006756996927495658,0.006064920093902187,0.013800617045017179,-0.029599999999987858,-0.0061078797828781435,0.0004311732739373365,0.004377386419164417,-0.0023928719743710695,0.016338587813666268,0.0123171453346062,0.019592974931161355,0.0033589414177582115
2020-10-07,-0.030885697243946002,0.0016997834853525364,-0.005246004923461222,0.0028391030016635985,-0.009916263441738016,0.014324827303357959,0.001012367307177414,-1.1961000000000013,0.0005982650492530659,0.002337416486676855,-0.006155384552971475,-0.009423974933953633,0.0183628509523878,-0.005946500227509997,0.011720705227214594,0.006649803391866806
2020-11-06,-0.04708792102344488,-0.0018607095959265619,-0.0329352232778638,-0.0050642398989918,-0.00460360785145084,0.006463275152920346,-0.03227998913568289,-0.7616000000000014,0.004408628942662894,-0.0007319519696973988,-0.007705012176381075,-0.009800640634909435,0.01328039789931558,-0.0029237683933075105,0.0015025248208682097,0.0075346729884278344
2020-12-02,-0.01983415737581937,-0.027954716330078476,0.08830062266219287,0.0024721729340305755,0.017825656336249895,0.007425484094297907,0.008515988682490417,0.3807999999999936,0.000900220652038877,0.002813129785528773,-0.008299322624787824,-0.016680767017170778,-0.07132701554077982,0.020075530502789384,-0.015521072460076887,0.0024447533175723916
2021-01-04,-0.004382072652806465,0.009504431281429419,-0.004041557719646225,0.010575412188591454,0.042706492299437765,0.007371547057856418,-0.020123243574360152,0.6377999999999986,0.0009662770101532194,0.002516172738910239,-0.0012902212473486637,-0.0017964291828582227,0.016509053621526715,-0.0013947815702069373,-0.021397092008118065,0.0049530379488394475
2021-01-26,-0.003526112300548212,-0.004394773306464037,0.009876683667216458,0.0003498853189383595,-0.006262861471036521,0.021395878775331553,0.020227049303952933,1.2524000000000086,0.0007278074750717437,-0.0013463669603610597,-0.00516177024719928,-0.0008874285542880121,-0.02632119851356033,0.008492185355503524,-0.005455872856748517,0.005291308425506709
2021-02-23,-0.02533176836826421,0.01202805417711114,0.02516148604715219,-0.006653939273027478,0.06919578109747182,0.0006672529130965157,0.006826507740218806,0.5975999999999999,-0.0017312676382862738,0.0016576648527199694,-0.0027099213908915506,-0.005384676029346913,-0.03536124169520654,0.011819535081373749,-0.016136235247762067,0.006872786871972383
2021-03-24,0.06803187025348409,0.007439633424476318,0.027224856248584374,0.003737265325379184,-0.026275997378896104,-0.007358898723188052,0.007246591165172984,-1.8926000000000016,-0.0009895797326168016,0.0035231328487475852,-0.00405480094738906,-0.004772251241818473,-0.03196175006020948,0.013534154871271076,-0.007780824302083339,0.004626618573619319
2021-04-21,-0.040843683715376146,0.023689860782597195,-0.010206916211241451,0.013546272893128606,0.01626498694353928,0.019313904675648228,0.007897993505900312,0.0870999999999924,0.0015100181021576436,-0.001757240753406552,-0.010137088464322585,0.0012664415187166097,0.009026299986595621,0.004245665044198357,-0.0031167181567312895,0.0026142477991677356
2021-05-21,0.005704955189947651,0.00755941981523262,0.01950720257383734,0.005484479450411732,0.037972621486826716,0.011396902499669707,0.01012745036721041,0.4444000000000017,0.0005127385925821166,-0.0008436851778742214,-8.048224968337019e-05,0.00011826227490887122,-0.02831861125287045,-0.01180473510338431,0.0051536310784998565,0.003467056714274868
2021-06-16,-0.003883330544934165,-0.005328915168730955,-0.010666982825203456,0.03246616045712684,0.004267979248484797,0.008271373319800013,-0.009983605854418964,-0.8957999999999942,-0.0010480506104806287,0.0062551753628675355,-0.0046952609350583195,-0.0003318047589653353,-0.020637344445582267,-0.0006095838063698429,-0.004218761776402706,0.0012272287290748872
2021-07-15,0.004588882101527979,0.03451469692041623,-0.01234905520552964,-0.0009428492117789568,-0.019883266289926604,0.004812051518982031,-0.019908731775797554,0.8242999999999938,0.0008845972871849277,-0.0013805216145750252,-0.004603671609438193,0.0016190854080159298,0.02687943398607143,0.009945952784728103,0.01021832650173324,0.003803769942282028
2021-08-12,-0.00623611782053069,0.00853049006190276,0.0005465166049410025,0.011002873539873238,0.00944823302395363,0.002098199576084561,0.006033030636406698,0.17650000000000432,0.0004308647819845216,0.0006352766567191269,-0.0041680294792018876,-0.001672676646218506,-0.008689755595941267,0.006937821271269007,0.0016748630110153628,0.0033309536353189465
2021-09-07,-0.030415609078200585,-0.002726527685243996,-0.005860962895979916,-0.0018038586491006582,-0.027255696411666065,0.003970915145725492,-0.005059164858968607,0.8657000000000039,0.001395321447139523,-0.0010719180622354861,-0.0018943729740058428,-0.0007001256580616366,0.022801501330898744,-0.006508601866860729,0.000190780228115799,0.0018290695728837038
2021-10-04,0.027020314078235488,-0.02253930771641544,0.009991801267049889,0.0027198285157988443,-0.0077284704482931,-0.0033038885472648186,-0.001998598577862586,-2.072900000000004,-0.016180034167909443,0.004374370885999868,0.007296449308740583,-0.006468418084384645,-0.017565665621672562,0.007990523001108722,-0.010337708435474564,0.007333487688206096
2021-11-03,-0.04917154531209779,0.03538492003974493,-0.02390355070969644,-0.004332514038630772,0.0049452932003556885,0.008410223353829113,0.016959327468367865,0.8001000000000005,0.01607619431853208,0.004519713446299194,-0.014811210582176833,-0.006239718595808249,-0.005287812967454966,0.0053385944730998305,-0.006429372211004355,0.002976365676177539
2021-11-30,0.027301738586793863,0.010249363367041329,0.0003054291189547365,0.008018433012670783,-0.04761921165804086,-0.015159297082112855,0.007809869815575071,1.659400000000005,0.0028442778122575807,-0.00042748159191837386,0.004453325574945948,-0.0037726211786512083,0.004851676748134585,-0.017645679583441473,-0.0003003216050610704,0.0011942324541929829
2022-01-18,0.054327379795649534,-0.020309630597218093,0.049393345551533345,0.013414263346011736,0.010015818998827019,0.013740226376910875,-0.009754173421911603,-2.159000000000006,-0.014017911781998219,0.0006849784499620225,-0.00335047203567645,-0.026193723346819905,-0.020765265087911117,0.010977524207589101,0.013001480220072626,0.00909558343008815
2022-02-22,0.04298347102338484,0.00913294482236391,0.009767592204640204,-0.001496021326249841,0.02620174321912093,-0.006130358789689057,0.0228455076520962,-3.0013000000000005,-0.01876204915668222,0.0025713283855863414,0.010734316740872833,-0.04894873310471678,0.00046112188954793574,0.0059925836290974106,0.007039767969744656,0.013089319579155862
2022-03-15,0.04652334817928031,0.01645067697127715,-0.011651260272449025,-0.007781161270305569,0.041580072828141135,0.00939720881906445,0.015476485187331556,1.2762000000000029,0.0024579977413939007,-0.0021660421329346737,0.0013174696732537656,-0.007304841215709917,-0.0026014323862349692,0.018314150719863937,-0.0020089762151663283,0.006666106469011587
2022-04-20,0.030738058485185044,-0.01700064797702658,-0.005489275235533996,0.039504910501804914,0.03933624879381298,0.007792620043803238,0.03017118630987511,-1.6500000000000057,0.020152081617402427,0.0068866060274550235,-0.01566115490309769,0.01138167794408593,-0.004488441441478721,0.018658130477511855,-0.009125333269076871,0.0035488399335621324
2022-05-18,0.1039765997340868,0.020584114571221605,0.02152323360723452,-0.0021946265456452936,0.02577679367106777,-0.004707522417764236,-0.022936494401526075,-3.145799999999994,-0.05735534384251918,-0.01503474631228866,0.03669898689606951,0.03746249161800428,0.003097296523952147,-0.02776521577342303,0.004157986872803384,0.008420101852614399
2022-06-15,-0.008350534895676172,-0.004597231935511854,0.00273666323002888,-0.0005193889335187752,0.02595213736120953,0.010839524953651359,0.02384828914230392,-3.459600000000009,-0.03666897524748221,-0.0009223538902588143,0.012180803931220886,0.005380463122582944,0.0020859923171435784,0.009001495170523906,0.010668800978096839,-0.012199781045474858
2022-07-13,0.018254899787858964,0.006902988231210499,-0.07325165564853793,-0.006521521259218194,-0.02701012104973292,0.003988480294260605,-0.011464321688460656,-0.7453999999999894,-0.009998763343826579,0.00584007610114406,-0.0011641994298264102,-0.00544603849533662,0.027958295323470196,0.003841526713375383,-0.01759609359938619,0.0032968087187802307
2022-08-10,-0.07361660404209237,0.0075730173020549215,0.013673802463177209,0.011512485515550902,-0.04464254707080039,0.02003994061923711,-0.01663247301570967,2.405000000000001,0.01785637005259153,-0.003803196293140363,-0.03387658257494232,0.015066086710066751,-0.02431385521383517,-0.012585476524315497,-0.0014434617920305929,0.0015725938792834223
2022-09-07,0.04360278172085223,-0.005482822178555782,-0.02005803602254511,0.0017906666311580822,0.030198899820447423,0.005254737224875514,0.026754852730701575,-3.0238000000000085,-0.01066892947019514,0.0023463716377986215,0.018984900467186486,0.006276201261748166,0.008241909422813658,0.027352209122555562,-0.009737504417186798,0.00044370824794526356
2022-10-05,-0.01886867055917819,-0.0052924948975846525,-0.023871328746309605,-0.011697062921427975,0.014423085401644,0.008685289685631474,0.00927897280424674,-1.0752999999999986,-0.02719388601148349,-0.007388176135075629,0.017579876899201756,0.009464595368141274,0.015903925100078157,-0.024647837735941282,0.007369982458550878,0.0038572861541014574
2022-11-02,0.022330193765575112,-0.005545008324167069,0.04139061913569947,-0.00560440237782995,-0.01882666477722068,0.011158422900269305,0.020611874008140504,-1.9478000000000009,-0.004374259918518364,-0.00305845434114776,0.0031818956757929517,0.0150588898051031,-0.0056148938804857175,0.022397361987344884,0.00930878231708057,0.002809077117221939
2022-11-30,-0.04798726485745032,-0.013439408128677133,0.011862440148398146,0.018969039242029157,-0.03820444262444717,0.008921677549409363,-0.0006964780110439305,1.640500000000003,0.011194067932242221,-0.0023376070220247273,-0.02407465020383186,0.009246646664648313,0.017269711630807347,-0.025169656355188495,0.013999722346388011,0.0026855213444865944
2022-12-28,0.01713561047872483,0.003181108768962316,0.011447120764129832,0.006697659438017258,0.002398142549477383,-0.004486852876303134,0.016413390812161047,-4.386099999999999,-0.015288927844064413,0.005955672420398448,0.022461456121947075,-0.012613598716328125,0.025708567481454385,-0.023996938061774723,0.011884767115023372,0.0025311835934365254
2023-01-25,-0.050958318729481575,-0.0030257733883246453,0.03396558578937746,0.005789478432365194,-0.030021884922410244,0.012564984216393071,-0.02887379356625429,-0.7272999999999996,0.016170669550888177,0.004101628710498535,-0.02300665120303966,-0.0026022067692491207,-0.013999560817715086,-0.009367792402247924,0.009310482980899521,0.0017279748500604382
2023-02-22,0.020082240645276497,0.021497551303359515,0.011651279101170368,0.019872342581002334,0.0008740386649523829,-0.0029802122687222917,0.022189320287589482,-0.4369000000000085,-0.004838142338835471,0.000700347720925123,0.001410482682952088,0.001494731720937294,0.0036432775588239414,0.011919288590490778,-0.007236875217725808,0.0027779940347201003
2023-03-22,-0.011846906442609429,0.006434071390766467,-0.02538297039813663,-0.003287698799800152,-0.039425774389955946,-0.004457105867804602,-0.004162095908797345,0.6684000000000054,0.0003288932770973625,-0.0008713732400044541,0.002799038958675826,-0.003090989090200144,0.03970103161727712,-0.0154273262237489,0.016646833867229427,0.004707559774873311
