,US Govt. Bonds,European Govt. Bonds,US IG Corp. Bonds,European IG Corp. Bonds,US High Yield,European High Yield,MSCI World,S&P 500,Crude Oil,Industrial Metals,Precious Metals
2005-06-10,0.010385940054329487,0.017674355114684886,0.013421167608577604,0.01930849212695437,0.029170626278608777,0.029892661341151976,0.014866032974041175,0.02441024533629532,0.028561674889368175,0.012890966335381176,0.005018743858421352
2005-07-06,0.0011922843590875497,-0.004077930687341188,0.002829427918338214,-0.0021003501117642567,0.009254843497549016,0.009682970974283328,0.0032534124329674026,-0.0013725536111546682,0.11283298650545953,-0.01176069479717335,-0.0224018558165287
2005-08-03,-0.008139998014626684,-0.005335668086987277,-0.004783402328027317,-0.005384934613712436,0.015160982254088578,0.014479684208400564,0.0472622127581177,0.04209841915167129,-0.020652979241431425,0.06769437888022604,0.033755158777898246
2005-08-31,0.016193163888277413,0.01593956215012964,0.01623414382925936,0.01611603024977293,0.0034488238081952956,0.0076750211090568345,-0.006708463980672299,-0.01813939660456882,0.10551967085282501,0.0007296077049312605,-0.027033334443694622
2005-09-27,-0.011719713482392351,0.0005169661020484248,-0.014358516300425254,-3.9312172544816955e-05,-0.009019798160089553,0.0010017852275213943,0.011620125000637057,-0.0029206186264169203,-0.06456737302390747,0.019787623049003614,0.06333045161936235
2005-10-26,-0.011541784051299785,-0.011131298545864116,-0.014839351176014098,-0.008659117768739252,-0.005116014297176946,0.008207612748670086,-0.019834615619094494,-0.01908057743025457,-0.06129042973804568,0.027114799474692364,0.029094208841293528
2005-11-23,0.0071684380400813446,-0.0018590725666413385,0.006604912950229701,-0.00101239439216291,-0.0012030615524307327,-0.009993109837637855,0.051699992209477026,0.06254754315265922,-0.041536988674819544,0.060561588701649766,0.038613164874425496
2005-12-21,0.0036113489724858058,0.007803801757275227,0.003883091769045786,0.006505881597027982,0.009305119911056115,0.006545298770662118,0.017770717957416467,-0.0009112238260911846,-0.01871669886978115,0.0860532940077372,0.0050172357886110845
2006-01-18,0.0110242357777285,0.010250521271061717,0.011391063232542489,0.009135543371820246,0.011216155634486665,0.011804381860555992,0.01644956630967818,0.013302788513032734,0.11352793145925229,0.07926421202973274,0.08347267053351058
2006-02-15,-0.010547029490917213,-0.009393784059602723,-0.008791065042434935,-0.007536200704387553,0.008432964578109554,0.007678292735651691,0.009238152790236598,0.003344605559187278,-0.12300270018996665,-0.008813690513950026,-0.00020176690226549206
2006-03-15,-0.0021171119676198034,-0.010184363672140581,-0.0019378962874516622,-0.01014680888644908,0.006361825828085438,0.006183702833718284,0.028099794879466844,0.019654195247093643,0.056550615934935496,0.045402207209198485,0.04292477555965665
2006-04-12,-0.008384020676469824,-0.010193918428590661,-0.010275754878133536,-0.006334826080492717,0.00587928849719933,0.005481024642724357,0.004058664890280363,-0.010524007027522108,0.074810098336104,0.1620017839197987,0.10754854473890761
2006-05-10,-0.0017861906321278696,-0.002640298196376836,0.00019199004358906856,-0.0012154084888389269,0.00980783677704823,0.01070565764285706,0.05312187223092673,0.027944060878463187,0.03450434533189398,0.21405953362194044,0.14611567006806497
2006-06-07,0.007447740683565401,0.0019529945165913207,0.005130332640527592,0.0020991045618162373,-0.004121755993851136,0.0025909176759724025,-0.07509517170072567,-0.04999819845131936,-0.03809507805393373,-0.06113124385990011,-0.13632653644463985
2006-07-05,-0.005726315725652889,-0.005648242768735894,-0.008498812717059637,-0.006690219149379146,-0.003218959127746543,-0.0006227111859267053,0.01327381213939232,0.012851807460456175,0.050394745371976336,-0.035515834942243876,-0.016299528290441664
2006-08-02,0.017081504116047447,0.015152258710546792,0.01991254061843619,0.015227461748278047,0.011893876501776623,0.012554302395536896,0.013289753055043946,0.006999230058846324,-0.004604754670291866,0.057215837661841205,0.042112400324503155
2006-08-30,0.0114025679296707,0.011321702089710112,0.014761846591966145,0.012009625800432813,0.012831027853061441,0.012508576370773279,0.022586106912891476,0.022216051356090803,-0.0930721358452426,-0.0190634356841359,-0.03749316050097531
2006-09-27,0.01244212119367809,0.00991160796999235,0.015033855583724673,0.00755947666911833,0.01319974730817611,0.007031076781310699,0.012312732390912066,0.025638439432074406,-0.12144747294817682,0.029752247703573053,-0.048718617671136805
2006-10-24,-0.008191621869729805,-0.006942547572640615,-0.007912201702869714,-0.004671073393113479,0.009187526443353097,0.012703633658688575,0.030005878185971082,0.030927007335771674,-0.07860039712150682,0.06677223520493457,-0.015699481306562624
2006-11-22,0.01603571677816339,0.012491634309749595,0.021676694040467747,0.01008622313253167,0.017735071665402048,0.0135925097429666,0.025392386514723288,0.022582155347497933,-0.0304232301945959,-0.01555198645578519,0.0760556372616677
2006-12-20,0.0018967217061144819,-0.00525820551896932,0.0023535136103960837,-0.0032928008314647697,0.01234350975151119,0.006265827965659218,0.024359895872215764,0.013826702742201507,0.05962943176728168,0.0002718372545229583,-0.025319044105145308
2007-01-17,-0.005632194459650126,-0.004381750181833294,-0.004543889938953138,0.002123194837959491,0.011183514123215678,0.010509247822117625,0.005393594623336943,0.006337162584531408,-0.1981014353657619,-0.06133812561355799,0.015556127412161105
2007-02-14,0.005933147937250408,-0.002813078843022219,0.008949593444508897,-0.0031700770455422873,0.013210673556039668,0.005851346107463138,0.0295038682502312,0.01872066523888513,0.08456263945403034,0.020477965071443064,0.0573999558526719
2007-03-13,0.015128717300247478,0.009978215117802941,0.01454298402687566,0.005534563654846357,0.003195544440995962,-0.002631246502355616,-0.04121961782342439,-0.05280193656801912,0.015241179913760892,0.043937184161908775,-0.046824189175759416
2007-04-11,-0.008048305966106563,-0.010137448756279992,-0.010588211523970397,-0.007646386419145,0.003856414131696574,0.005185258041750082,0.051444168487711085,0.04433351728185337,0.028863493985657542,0.12638261941050655,0.046448585049413654
2007-05-09,0.006619223907957886,2.1370489491713432e-05,0.00821164371947357,0.0008023475131665318,0.013999835529440176,0.008038220243316805,0.03963746054788073,0.051089186433921324,-0.048869850214465646,0.04129945581867688,-0.0091682790428071
2007-06-05,-0.010524628392789556,-0.012328426340141849,-0.01266805895799511,-0.008839780004386713,0.003853110521845833,0.005280662673488301,0.015861907856563794,0.013605191295717885,0.03805640974259436,-0.05821512409893173,-0.009098472302939458
2007-07-05,-0.0018901339979576373,-0.005098680122986241,-0.00723672235043326,-0.0057093871219948385,-0.01970216891422063,-0.012954556030937562,0.0011408214634728547,-0.0022603350456290934,0.07125181204690668,-0.03741222794946122,-0.05340547437424287
2007-08-01,0.021466968043995154,0.018482653695585233,0.008450141927649356,0.00782000577317845,-0.035515582110909404,-0.034414394112511515,-0.04199445231556681,-0.03900076911593282,0.05893498002867253,-0.02759314307628132,0.021814159017955307
2007-08-29,0.013967208159960389,0.009065307996271975,0.008225934826528813,0.004685798949754751,0.014236406651936212,0.0007481033609399806,-0.010882409213264332,0.0005606805406764046,-0.04420045761956824,-0.08771805361220236,-0.02173773178596331
2007-09-25,0.003842489183469876,-0.004728057106095927,0.004084675307859084,-0.015100880851562007,0.02410666225637249,0.01236791352455623,0.047593814860017576,0.03725948574044986,0.08869372951262425,0.03853960320444494,0.0980890243973449
2007-10-24,0.017026869097118317,0.015617998900636035,0.022229046751338404,0.018094018198930476,0.00841301806480679,0.012304272951382075,0.011870168202931313,0.00018561563274407703,0.09678156565473436,-0.029985190136417175,0.026922848381727482
2007-11-21,0.020588191978880507,0.0026803251579952314,0.002125589666043126,-0.012894973898706545,-0.03438966092715159,-0.04472016511275528,-0.0522438380672267,-0.0655877023365687,0.1218379542876933,-0.1012475865174621,0.04636623730610648
2007-12-19,0.0008471308691532002,-0.00786650730989356,-0.006174299431557252,-0.009249186772285124,0.014640632220688132,0.009741782162201493,0.007111384261894048,0.026779776068227686,-0.06241409869412287,-0.0241908599045517,-0.006398737520357784
2008-01-16,0.021795770663768182,0.015175844442152864,0.013187659451641609,0.005743939254060341,-0.018617499356448262,-0.035112853490578695,-0.0540334199983601,-0.05493559665747646,-0.009034276589070502,0.03519670128269882,0.09486811322500414
2008-02-13,0.00773579118090412,0.005128218076179043,-0.0011200233471961685,-0.007126447695114508,-0.007955853115715734,-0.03280532570042027,-0.015506816195916038,-0.002695225611170038,0.03239838414899527,0.07725464434598975,0.042034652104799494
2008-03-12,0.012698873651347867,-0.000468200608568053,-0.008365658688946174,-0.01779328061632424,-0.010876406523288416,-0.009780185607801204,-0.007956584117452667,-0.04151882364690427,0.1517899312158821,0.11101039243499644,0.09225265130041314
2008-04-09,0.0020152451287587594,-0.011489461472886446,0.009503450074403307,-0.01684307115823296,0.026219775120614065,0.02259175545334952,0.0338423398972674,0.03556923996797284,0.020364337760405422,-0.014691207419644099,-0.06265709745221876
2008-05-07,-0.019215279338980228,-0.0015886332915432525,-0.0026034191232838745,0.01570503033071558,0.028382798539030016,0.03727853580974906,0.03368489173206829,0.028914503157478705,0.11733589259894299,-0.050460713975472936,-0.07870377552399462
2008-06-04,-0.0011716535219625747,-0.010609785513462503,-0.003068745829182595,-0.008682953916792385,-0.004378626198140324,-0.005482303285245809,-0.008486830080715872,-0.009011000873771087,-0.007331543610655847,-0.07968806052563353,0.011008067669047475
2008-07-02,0.0033386750244022573,-0.013070665474633227,-0.010484278451409132,-0.017812879060795615,-0.03158415336327081,-0.048395313964971376,-0.08874300148233202,-0.08623834828351024,0.15948003043229814,0.07967810687796086,0.07124006896115978
2008-07-30,-0.0017172246736257982,0.02126945113162417,-0.011392581920368117,0.014827235180673658,-0.00706756873352651,-0.010297901325783452,0.00027954359821478927,0.018880477746816452,-0.12841035358422978,-0.08807353147521184,-0.049131264083089994
2008-08-27,0.01828775864361185,0.011697516648916249,0.012625735249298477,0.008955554845694845,0.0013218621946413439,0.002272912406382057,-0.030971797262736474,0.00021067845890685488,-0.07094874341370883,-0.04205599934479738,-0.13576179286734197
2008-09-24,0.00545302352557981,0.0008990420502221713,-0.050134977899170825,-0.04414098920646426,-0.0357870331468624,-0.03161805382966421,-0.06589750534178933,-0.07589656898975805,-0.11351719978228961,-0.1063214748692437,0.050983964643911917
2008-10-22,0.010025851699875951,0.018080511891858008,-0.08328735171817041,-0.024167627901352306,-0.20887305914026186,-0.2224763691238721,-0.31117307789083837,-0.2777372362040223,-0.45350928752726377,-0.3872059232135638,-0.23127079188708038
2008-11-19,0.021703483428538374,0.00843392995904216,0.019551244182547087,-0.006848844117163949,-0.08069135568956244,-0.04654212406258214,-0.09974555436794585,-0.10314419342582189,-0.21624271361212874,-0.07848072870815906,-0.004202532128492837
2008-12-17,0.05447661789437772,0.010054467834751805,0.049963590998571436,-0.014115120497778692,-0.043766148229610696,-0.0746773361456288,0.12331855703817206,0.11676832571614182,-0.23579743198903058,-0.16943375827223817,0.1725516190899948
2009-01-14,-0.0028905188513264684,0.003387055324501698,0.03897543823769753,0.02285483882643338,0.14685052400660922,0.1302981913037391,-0.07240248581377828,-0.06842617768278415,-0.06737751108039985,0.04745902307658118,-0.0748605249847396
2009-02-11,-0.023877668699215353,-0.001051167042817172,-0.0021286515168688945,-0.011687950126420382,0.015915455305899582,0.0062087989858558975,-0.01856360319449646,-0.008355924560498615,-0.18130114360098454,-0.029071516630296758,0.18140243874701556
2009-03-11,-0.006511642980140206,-0.001547012228358208,-0.04734743078083455,-0.038374674378932334,-0.06961296452077306,-0.10334464818072069,-0.14250113676264528,-0.14141287706775985,-0.05245025250952019,0.0012491080372574333,-0.04231310872143734
2009-04-08,0.008827395940815446,0.004716394078356075,0.014402152047040347,0.014971866476528426,0.0788368111097472,0.1057993436899034,0.13638755050719933,0.13621918275908307,0.115326216751581,0.14555616025982124,-0.03186205222003346
2009-05-06,-0.011529783740975632,0.01415529159443931,0.04149407400867538,0.03698703511517902,0.11489715547460826,0.11549486381128998,0.11537841489571343,0.10942313576056582,0.05629119606228027,0.08908562136604634,0.049546885663533324
2009-06-03,-0.013523993704713187,-0.007275235948628927,0.03671686982613065,0.030423567593352057,0.06108924890702639,0.1240690447358754,0.053862979650085026,0.01566046110709871,0.1381249391788431,-0.005704012426995203,0.07244481803566763
2009-07-01,0.0021490871758107063,0.011032593062620593,0.017427059643934695,0.021878174680251786,0.011759468108555667,0.029017795082139093,-0.00915613560335854,-0.00743753676633961,0.03667040138471621,0.0768126226519741,-0.05040148258379142
2009-07-29,-0.004366730533358856,0.007327934154653487,0.022832081328681045,0.026094261499789956,0.04531752434660278,0.06646845338656068,0.051384158951814606,0.05577303044471956,-0.10367290711964489,0.048491437739284535,-0.021733016677231466
2009-08-26,0.014510860630537276,0.016127500818484228,0.033060862260887995,0.02193374889763024,0.02586393132536072,0.03428970888053435,0.06173640574120159,0.05516487306011867,0.0847802122737963,0.11108849157327667,0.03309095584064829
2009-09-23,0.00502233676809856,-0.0064495954691890095,0.018625589047114685,0.006355498002895581,0.05731244046188147,0.07326976650998596,0.04721361543320548,0.03276316909073324,-0.04563034834248749,-0.01668539791575637,0.1002196716851733
2009-10-21,0.0017595562942444008,0.002190444863392112,0.005032734067165591,0.008196619096227872,0.018925924886226395,0.030475569816286723,0.023670365488107137,0.020503757307838044,0.1587655250114335,0.08309715014031237,0.04963414224570236
2009-11-18,0.00722208984772424,0.009895095695787734,0.011903158900260342,0.013592817617968152,0.009713510329161363,0.02024506966802091,0.008669251450767823,0.02794337868663077,-0.022954723014784857,0.004816847607350492,0.057972778851439165
2009-12-16,-0.006249683919606017,0.000261776991297459,0.0044267494002305586,0.004872585773197669,0.02330315652641254,0.006272139351991049,-0.0041146583891289844,0.0010079265505217963,-0.10848692965268276,0.04946098931568717,-0.016813591622731536
2010-01-12,-0.0025552973693755243,-0.0022098646610385258,0.009124241848735158,0.01081951332116154,0.031459235146747005,0.04697316497058669,0.02920046300472103,0.025338065656404854,0.07479980751389204,0.022362325880936375,0.005509035290645158
2010-02-10,0.004962337986553006,0.008407770408101421,-0.0076284419227234225,0.0067236413617687805,-0.02519262132187103,-0.010190402077496287,-0.08402065757017438,-0.06030405259483936,-0.08602852225062885,-0.1082098410157428,-0.081311404903029
2010-03-10,0.0013938863916470787,0.00045829792834336597,0.0129780956508852,0.002074457692205097,0.037761522056984506,0.028118667201057358,0.07105716893327177,0.0720111409562833,0.08962207150646374,0.11774022776607518,0.04787979856846221
2010-04-07,-0.004614043821172702,0.009517223277986993,0.004788789722791593,0.014815453750799491,0.016405084380588516,0.035613569698766154,0.029507090665459337,0.033035211198973485,0.041001246608165474,0.06272157082901457,0.04589771142696874
2010-05-05,0.01763700225844864,0.0041110334929066105,0.019704995416647275,0.014954194713804974,0.011399641057799935,0.01120187270365724,-0.04439343569932002,-0.013252032827848186,-0.05521453867561853,-0.12468434464055962,0.004182829814989247
2010-06-02,0.00994352442846744,0.015481595933206216,-0.011420421664607841,-0.005017088943444445,-0.03297026873928362,-0.03712976168704048,-0.06723894858186613,-0.0574855605529497,-0.13018031457052667,-0.07668418859738224,0.039597046287494685
2010-06-30,0.019698349638864476,0.0046972679815634215,0.024419685561384356,0.009487860729316117,0.014944455078793054,0.011070642992249965,-0.03476941495478217,-0.06216978154103052,0.014242426345614786,-0.01829568673601962,0.01888642874733782
2010-07-28,0.0009111123793142673,-0.0009056689335384339,0.013884142730084752,0.0028249979242053534,0.03471397830159555,0.034173322991565946,0.0818151230291964,0.07166299743267945,0.01083941923646686,0.06744434896659289,-0.07199550846179018
2010-08-25,0.022570425817932147,0.03733382927725335,0.025592892654741805,0.0337778143669443,-0.0005359880980803102,0.02327303516382874,-0.04862847465694725,-0.04497633960870906,-0.06324818372878165,-0.017262935215777098,0.07089462107738019
2010-09-22,0.0005563282480066141,-0.019999085939089212,0.00257976636947273,-0.011704295119330028,0.025571559470674313,0.02137083892644221,0.08755234787386555,0.07391859929563925,0.019872178549407055,0.10418567680363462,0.05543896453350015
2010-10-20,0.005182795881859178,-0.0045875442856091915,0.0064180652449400254,-0.006233686838997454,0.022256369223546454,0.014900517216369579,0.044371573481065275,0.039154403900895765,0.08987381809914549,0.06375965348397278,0.06308615725492366
2010-11-17,-0.015132014388593726,-0.010221579850304686,-0.0132639777104119,-0.0001843987131396695,0.004422474008132185,-0.008291757124390292,-0.004221055807267427,0.0022737007549466903,-0.027025373105966782,-0.05477208305675435,0.015572860749681281
2010-12-15,-0.02445109586416431,-0.018707817213788197,-0.023470804291464628,-0.019665304837306642,0.0013087752317271382,-0.01913924577966765,0.03734187339684657,0.04852035876494218,0.09243422856268084,0.07657195502491132,0.06535217811268552
2011-01-12,0.00881490969533263,0.004625774043388059,0.01776872529559557,0.009353819152588157,0.02048224637642678,0.02023861686016284,0.031105336999297375,0.04156166567488888,0.03261391092483203,0.06857027288385505,0.0024264535852698307
2011-02-09,-0.010933310382176025,-0.012303983124598464,-0.004592022444189828,-0.005094829890701678,0.01887046754341941,0.02112882824669148,0.03428768084502007,0.02793253614641528,-0.06599934415718167,0.025268218836876265,-0.0064116559225896545
2011-03-09,0.009410586152360397,-0.0006530876345856887,0.012335445381732243,0.0038820458554009864,0.00680068392664475,0.008961900465348142,-0.00023681844136920268,0.0013745583139651572,0.12495575583906508,-0.051887599265528765,0.07906861106475842
2011-04-06,-0.002342993345418688,-0.002073840134723347,-0.0006317439477093424,-0.001645237870695802,0.006636218968623171,0.003432972774015057,0.009095239196381576,0.013115570820937852,0.03003398380293114,0.037304137163470495,0.038354541290807266
2011-05-04,0.01877941256315474,0.004335296432370769,0.024153944805020137,0.0072243962782391645,0.011838455286907669,0.005044632162063982,0.018873325751677352,0.00948915126468861,-0.0025388827280026483,-0.03610040803011587,0.027223257136534954
2011-06-01,0.015917737678791295,0.017876880474381022,0.013335682604217787,0.015866353919190872,0.003297901455865158,0.003950268466444205,-0.02288246320174408,-0.02248801659180726,-0.08995692634521324,-0.02285987433911277,0.0006980605743018608
2011-06-29,-0.005330781834253267,-0.010053281010264734,-0.012474329756390538,-0.010178118606413253,-0.01444909049485606,-0.02243874591286038,-0.0151847607092578,-0.003939598004080314,-0.06147291834922418,-0.004618886176247812,-0.037048365840042105
2011-07-27,0.007804232978987421,0.010287687668016007,0.013904427042423353,0.01675637445844325,0.01643971345493497,0.003395499063343957,0.004490091187042922,-0.0008610411014133502,0.021586622968254945,0.05344111745620299,0.08997734625306611
2011-08-24,0.03292325253561216,0.03168564803129575,0.0015485118374955573,-0.013656360122841488,-0.05554166431333639,-0.07681920224380683,-0.11906805581485881,-0.10057683291513332,-0.13997306801645773,-0.12405237997363688,0.05234071286932502
2011-09-21,0.020782334948427263,0.003658355931136299,0.02271352010301937,-0.0036754855756385547,0.011666343166442954,-0.022111934057525026,-0.02573206376051504,-0.007473760362958594,0.0045492317458137805,-0.04509064678303265,0.029328019401028797
2011-10-19,-0.009353696919428207,-0.008871117779464916,-0.00905741072295182,-0.0001797123084922222,-0.0030157843365129374,0.016079389700912185,0.03450303806858368,0.03799859734880975,0.0020142313814557576,-0.10914713150185963,-0.1318111158524011
2011-11-16,0.009054773043149071,-0.006721678600628769,0.007670686794098146,0.012776837061208902,0.01753588537939402,0.016168338962536128,0.005359428194708542,0.02406852751327043,0.17150322269292928,0.02819696611851847,0.07541843467475842
2011-12-14,0.007426636860848316,0.021653879523556043,0.004691690033226735,-0.001806775506477209,0.004668822003656751,-0.008324554463834411,-0.03324382745561569,-0.018650970200127827,-0.07681860419680701,-0.0718424187691325,-0.12285735004779436
2012-01-11,0.0003758208763278838,0.01426421825960088,0.009237359911446155,0.019067182439477425,0.02401034173657824,0.032595509580072055,0.05675001790073168,0.06607209786816987,0.0582471860278741,0.08192889994565342,0.03268394855313501
2012-02-08,-0.00328331082031718,0.01489095026572457,0.016996646755213802,0.021332660521618814,0.027985378037210074,0.058703665444579486,0.06269347562279437,0.04475286637893958,-0.02375011533730921,0.0761460121007662,0.06820518155444985
2012-03-07,0.001155092325113504,0.013384034800641167,0.006289618353482971,0.017250240206499862,0.00822789690103415,0.025976886086048954,-0.005883534477169378,0.004202842456408012,0.06746807011390354,-0.0494885419683393,-0.0224176695321304
2012-04-04,-0.011010089948145558,-0.006150553215767525,-0.00913400679074782,0.004129237066067009,0.004413432954730283,0.010604836405641844,0.018852763575098762,0.03504089325956545,-0.0497891847624003,-0.026536993055542087,-0.05219614667255289
2012-05-02,0.015025166693580725,0.00961324814799859,0.017171631302674652,0.009187654024678492,0.013492880108074598,0.006155623668472852,0.0020361603234915265,0.0034061301878391547,0.029972774699212477,-0.002075731812535173,0.015312988328771013
2012-05-30,0.015424923517997988,0.015608640218873024,0.0047175507843857335,0.004214473556591039,-0.015966491831759806,-0.023801841160182607,-0.08553760163490602,-0.06306255561267615,-0.18417961032087185,-0.07811814674113748,-0.06406897427314683
2012-06-27,0.0003692331652193898,-0.0088572865194887,0.006338524836093065,-0.0016413310210793607,0.015406680385201063,0.014583419132850028,0.01874989666656296,0.015608111593448376,-0.09268224562505659,-0.04207601946391157,-0.0019523686383808143
2012-07-25,0.011744048135860708,0.017716850349987743,0.02688954758331412,0.028274495475816716,0.01565176239867064,0.01674183193898344,0.0008118075196243109,0.005760148474195773,0.0986763092479138,0.0023341919540705116,0.018218860424860716
2012-08-22,-0.012297949021201602,0.012256132190204288,-0.006341998237183595,0.012351769331294109,0.01655986164002246,0.03768318725784384,0.07118490906777322,0.05718470541978479,0.0857551275696226,0.010372537690407607,0.02936816006911042
2012-09-19,-0.002053079122489895,-9.935308664655325e-05,0.007801444657264548,0.0014552637957085,0.024455059438912335,0.02710388676755281,0.04219233556577511,0.034735377006119096,-0.05532098047489963,0.11498581022570248,0.09477364121932948
2012-10-17,-0.001067124153218896,0.0038115083358819693,0.016033807510465955,0.007538322074513839,0.004764625830180398,0.015115049952266386,0.0005107453927954218,0.0015450498744316588,-0.0010339286212097472,-0.05312436390293074,-0.017506073716942492
2012-11-14,0.011758113053626918,0.010185903406501889,0.006278659763804934,0.01557623955413328,-0.006102241590548182,0.008730993930247793,-0.062013995178007555,-0.07276726508319623,-0.07042870308191895,-0.042673651322753275,-0.01251112559870062
2012-12-12,-0.003920153715568767,0.005914441193130466,-0.005708848667406703,0.001972420301617519,0.024052568372644818,0.021216846387597986,0.05931033119341728,0.0544623890520805,-0.00027741038275060445,0.0743779113780472,-0.0006993391154663359
2013-01-09,-0.0050094061232327965,-0.0011311840344395653,0.0012287026447523526,0.004673914881663134,0.013318206590827096,0.029380128067438636,0.026884722437628107,0.024153611318613932,0.062468353943688854,-0.02447644781838477,-0.054062519777899894
2013-02-06,-0.0035503601043046463,-0.019605524526560072,-0.006978573095721973,-0.024520936466985575,0.00026187766433920305,-0.025044359726806346,0.03042643918242857,0.035411242495321606,0.03218281883714066,0.025849949471037095,0.023112963906179625
2013-03-06,0.002270956141680566,0.009050651639679058,0.00428574434841912,0.012761453516057748,0.01039933231099402,0.013367340456312056,0.011951954639221885,0.021765134078447445,-0.07224319467963562,-0.08249440117806087,-0.0745014834959199
2013-04-03,0.005504868270322237,0.012890837046907537,0.006439230235025789,0.011235675636451814,0.008304239187836748,0.008803874955808927,0.004615760503740883,0.009268667183416086,0.038310569974564536,-0.04680017694044787,-0.029813512051860575
2013-04-30,0.006456429616129434,0.019475344594571866,0.014155515241518132,0.016285166393854345,0.0163395920490596,0.022503704534504253,0.037055171877909035,0.028758179289088248,-0.014165806100542353,-0.029499913367895154,-0.06656970101825192
2013-05-29,-0.015726292799504625,-0.018342219609180345,-0.02018851246144786,-0.007702821849429797,-0.0035913910253431614,0.0031063177970841243,0.011970917571605176,0.03369634211502948,-0.005888626028101061,0.006119368615124241,-0.06126729143078036
2013-06-26,-0.015659867662394,-0.01918839548505564,-0.037591858960888014,-0.023271523496953623,-0.03618284112473678,-0.027410691870813814,-0.042241982419808026,-0.026068130982492534,0.02131427332067941,-0.06884778575976747,-0.13931243450556238
2013-07-24,0.0010566132315579014,0.007457724034849959,0.015138769651048312,0.008767529547422468,0.03131750836809837,0.02029531331435499,0.06375271950699984,0.051467266262536254,0.09948416341761186,0.03928862934205511,0.06998939430884078
2013-08-21,-0.008844414893423417,-0.005991136567045525,-0.018714774144583807,-0.00041596280119432624,-0.014275327523834114,0.006765571033272179,-0.017280797756113183,-0.02384222476505254,-0.002487206786084839,0.027004351991009416,0.060988610393106116
2013-09-18,0.008288964021665152,0.002830695001446537,0.013173731321858518,0.003259593418026476,0.012285863172088166,0.011246526519786968,0.04833078803143871,0.05069117724620678,0.03712730798925362,-0.03783661449881447,-0.05117895913738674
2013-10-16,0.0030116028824883744,0.006156460168837232,0.009757198973928672,0.007343877319608183,0.01137278909746695,0.015124843785864005,0.007082379004743858,-0.0007380494047785543,-0.04193245128573815,0.017967495866524533,-0.01700933982046265
2013-11-13,-0.0001483862992707109,0.012257656418930325,-0.00047222937015837656,0.013720742448739874,0.009687443832048618,0.013969028190082684,0.021107963965605804,0.03612553451632496,-0.07970888133764997,-0.039949680587324655,-0.019019609968235776
2013-12-11,-0.0014256298945532788,0.0005656111614703743,0.006017788084988186,-0.003167911836968331,0.011796574911571912,0.007164247598102062,0.00019021911596376584,0.0018429256324003853,0.031236799544684453,0.02779115072962608,-0.009051059097164861
2014-01-08,-0.005244767267295077,0.004471039015748669,0.002630761491543181,0.007553670895149671,0.008087548225723759,0.014856363743877993,0.03170508964123849,0.03211362865069027,-0.05455273365563251,-0.0015211790769394222,-0.029248899214951888
2014-02-05,0.013522609030897416,0.015776619651163847,0.015147100152975768,0.010356884856821898,0.0009364738361748899,0.0012751529335585086,-0.047674007266916923,-0.04694983952637301,0.05108795829801772,-0.03860514425182167,0.021603118390214112
2014-03-05,0.0010704168282041166,0.010250587498026969,0.008822373497693574,0.008762381930520898,0.021361839764372354,0.019796869335704997,0.06764028799469715,0.06984107625058282,0.0476680354524028,0.037054831716084626,0.06563553291667168
2014-04-02,-0.004801268570001471,-5.455324213476887e-05,-0.000939081226672885,-0.00201362644838742,0.002861495824266321,0.004636879126374719,0.007198706144137767,0.010525016453045098,-0.012569063317490222,-0.016613955675928223,-0.04334826369048944
2014-04-30,0.00888091788392408,0.012126287203755647,0.015622429765665719,0.012658463062524503,0.005399749554292207,0.009078259264161581,0.0019392832584466016,-0.002742921960654732,0.0127806289314468,0.017585765980617903,-0.008786471890393884
2014-05-28,0.010540487018337506,0.01370096166250741,0.015209358484038711,0.012296416038872222,0.007715572014225434,0.007885747701059936,0.01409511095435323,0.01587700775604546,0.03577643669903487,0.03475814129907027,-0.02293205605876217
2014-06-25,-0.004959829810511693,0.008326795438324024,-0.0028666779363624093,0.0063785710681010166,0.009822214603496011,0.011447937408150434,0.019832456005994002,0.02714861147382617,0.045582115787658646,0.008300189742278844,0.06271360659269229
2014-07-23,0.004238959122358929,0.01191301088219017,0.005811298880981291,0.008118424038326712,-0.0046009955870018795,-0.002891838029778678,0.009979552306894412,0.015191241307061374,-0.024900682415472705,0.03670000617854575,-0.011998028188986546
2014-08-20,0.0027162766035145045,0.010782850215004254,0.0017563662997743235,0.0062904072277387355,0.004648936236486943,-0.0017064840037025238,-0.008831544062116158,0.0017159200805039671,-0.09164767904653169,0.0016362171803642768,-0.02545679258789402
2014-09-17,-0.006003058276890208,0.0015436093498129226,-0.009720119651252898,0.005472904517217483,-0.009011157807400189,0.0024349213224193382,0.0009205067139485013,0.009073814408815448,0.003439493784669442,-0.033177720299700224,-0.04601717167776814
2014-10-15,0.025447690489359708,0.01813541855437292,0.02704703646007026,0.009840780402786199,-0.02065569392019481,-0.013298853167578872,-0.08284832858641933,-0.07060471411867343,-0.13452076336131766,-0.05017597174151157,-0.011822824092731669
2014-11-12,-0.011445127979305905,-0.0017538887707937234,-0.01620196063377487,0.004093905214739904,0.021362905390780246,0.017215485101873738,0.07365962184112115,0.09176047210697821,-0.04076507815179412,0.022958055880838168,-0.08081642331377431
2014-12-10,0.00917984226242134,0.013614200319839932,0.008188003305132514,0.005062040342099346,-0.028567855480246148,0.002003826099727466,-0.008663336263013218,-0.004252168506126445,-0.23395240159830152,-0.0360871648794756,0.06620173854946818
2015-01-07,0.011669448348388123,0.01792773270383804,0.014774542145031426,0.01338296688227025,0.004683239182411602,0.0004676855812811996,-0.02060380013851359,0.0014643127022378152,-0.22460500263731803,-0.059098450758740775,-0.020702666303293423
2015-02-04,0.008758880185086311,0.029775144481138213,0.01118088873620371,0.023936397873607324,0.014468653844037185,0.023179036971316676,0.031919046973590534,0.00855946774956955,-0.012919111762254416,-0.016282279349515913,0.04478178941666371
2015-03-04,-0.015086124583581776,0.000983524543917186,-0.011276275271131314,0.005668656588239482,0.01677265515559057,0.023783144792259923,0.028156954917019354,0.029917947864741112,0.053706919317866655,-0.019636147796379844,-0.058131432504687136
2015-04-01,0.014849021700741307,0.021244505072460007,0.01469617653467185,0.006013106635749724,-0.0029554363657693676,0.00043377677745770745,-0.010771680855301806,-0.017222482999813965,-0.06080133453231451,0.005526323687035767,0.01821783965236306
2015-04-29,-0.007795181278744918,-0.012639104517977366,-0.010522951425892777,-0.005246799249058421,0.011728077254613677,0.0052594582050745145,0.03421461543997362,0.02352693908628984,0.12407185511465436,0.04302881733153406,-0.005292948862642983
2015-05-27,-0.005026647059602556,-0.0122205536021923,-0.009360669077167065,-0.001828387686120442,0.002464437648513279,0.002547194054197059,0.001688143514188462,0.010052629133357967,-0.04004993429302956,-0.04382456522347451,-0.015881902846696074
2015-06-24,-0.0089267933575291,-0.023238014760425096,-0.017273791582727228,-0.020254666962560265,-0.007680529307777932,-0.010167714706617707,-0.0032296737415558724,-0.0055355461626539525,0.03873426945370284,-0.041506736714783894,-0.02155308490520367
2015-07-22,0.004617631977649743,0.016139368916410747,0.0021167164117269744,0.012742764079762343,-0.015085149709494053,0.008667883768188549,-0.009984489707329123,0.003911825187980061,-0.20827443267616694,-0.06264359370993608,-0.07365856716133418
2015-08-19,0.011096199176370093,0.006135665435824627,0.005754417102811546,-0.0008254506580101258,-0.014072389459286554,-0.008535755336822881,-0.021517235696552024,-0.01441447387722464,-0.19093941173346463,-0.07710425276996043,0.031187324009275368
2015-09-16,-0.009182395345388198,-0.013597030430663324,-0.009226155208914257,-0.01649849335799593,0.0014880772118637299,-0.010814623875930485,-0.04146057101949955,-0.03969135845109266,0.11899353750863736,0.039618986684562804,-0.0116899321555137
2015-10-14,0.01849444669335617,0.011487110441971959,0.019675353751637686,0.0008341289104845619,-0.00952000077783572,-0.00643490693963535,0.0010015586738366987,0.0009408619150319272,-0.01615645282029027,-0.008498470242386294,0.05987170517345018
2015-11-10,-0.017517692882684285,0.003363161618966713,-0.013679555042605656,0.013403533127975136,-0.001639008766830453,0.02504395232354599,0.023562357036475114,0.0445634069836125,-0.0539750143376626,-0.08343136733583376,-0.08976186704261532
2015-12-09,0.006478052355436455,0.003991029462292689,0.006153103022064128,-5.9767206747531156e-05,-0.026749361176737013,-0.007217295128317373,-0.014275553256361862,-0.014623586009199314,-0.20089619150110413,-0.0555771561365076,-0.012528182815277511
2016-01-06,0.0021344725286326196,-0.0008949972652862083,-0.0028414436631801526,-0.0023101116143723404,-0.011909067950659567,-0.015470569146336823,-0.03205770078709684,-0.026622872052230455,-0.1292035628768864,0.0014831974185367967,0.006738768078940364
2016-02-03,0.018851965678255023,0.009528657318233744,-0.0025428735753942064,-0.006295510921693964,-0.025225407983628125,-0.021310959638887145,-0.04329952525151401,-0.03885788875147621,-0.0865978509128458,0.02277857766719223,0.04639354671656888
2016-03-02,-3.670903501529907e-05,6.155934928188473e-05,0.006433801274324065,-0.0008397832957236119,0.029890364897048313,0.004081980283912529,0.032258389449092865,0.04050822462718033,-0.010107776448754454,0.041048975461923855,0.06672357562975424
2016-03-30,0.004783745335094244,0.004950107879653358,0.026509006782885307,0.01152157997739961,0.02594581686260242,0.02329350928114276,0.04229024190825081,0.03979712099587101,0.05415392548105709,-0.022289599886237684,-0.005312723196913908
2016-04-27,-0.0013343998324163021,-0.009403609161055718,0.013981130325630779,0.0063096551518017855,0.036802426786419644,0.02050163629047856,0.021492755710004613,0.016105078682495392,0.13460079382525464,0.04944161480935536,0.048033437209924965
2016-05-25,0.00011431628585113845,0.017446919638093986,-0.0022244805744187804,0.009378892611213904,0.00759622940865465,0.0042261613725876985,-0.00680665509186775,7.859691828065592e-05,0.07020461826867112,-0.060324543223095425,-0.03320708328599765
2016-06-22,0.01310961009081646,0.005635032502405017,0.016104142770286805,0.005165704770459963,0.012953564422907652,0.002833752602642531,0.0008842859344268721,-0.0007304287281781362,-0.01775540092639819,0.052897345323222295,0.042625473189009125
2016-07-20,0.008103724712898656,0.005071263400454679,0.01866332000068146,0.005987623091561412,0.02745923668806568,-0.003946580053083771,0.02436688451989997,0.04250918754259227,-0.08442221990244447,0.05566640129164495,0.06264367017430167
2016-08-17,0.001547641721288003,0.005542619817626917,0.005327091677916517,0.005077045059443857,0.014436497299484392,0.011143289500065027,0.015858055521582752,0.006256209026966923,0.018539475295786877,-0.011647245071004127,0.01202618611903624
2016-09-14,-0.0064838624397950805,-0.009330857149814454,-0.009270934812231044,-0.0028769430648843872,-0.0009022326613070112,0.0021270392849545502,-0.0216811057705267,-0.024606653526223782,-0.08921735499664206,-0.025808073148556876,-0.022615797711109494
2016-10-12,-0.004368640251003403,-0.016486264514581638,0.0037143915941900024,-0.016404224257072768,0.01702707709273628,-0.005333248704500327,0.00336064321460621,0.007670189021059826,0.12710004280677012,0.028416837459444167,-0.06459692458209308
2016-11-09,-0.014165206650568953,-0.006327715375697693,-0.017130846323741282,0.0002337719244321067,-0.00711328192580386,0.00625424402400461,0.0015231598554375145,0.012725524140698136,-0.10760539381069759,0.09044585764267778,0.02516663537737811
2016-12-07,-0.013095719036118744,-0.007155881919299973,-0.008564531375887906,-0.005213491899506205,0.010879030361042432,0.005834056981364179,0.03214678239323682,0.03748532505459427,0.08007640407077407,0.03784942380409849,-0.07726540265019254
2017-01-04,-0.0024871644981480654,0.0025474087224825795,0.004393997910906403,0.009523558486581683,0.015158284883143915,0.01733398637648669,0.014936889345447268,0.01445868707087367,0.04905403282457393,-0.04162261605028727,-0.01994075269121257
2017-02-01,0.0014419143675602683,-0.015312780147575969,0.0004760492398045604,-0.005314691471431927,0.008735108622840925,0.004118832704822714,0.011482571212154702,0.004906448538188022,-0.0062904907586003355,0.060502500534168606,0.03873511874713739
2017-03-01,-0.00019523442137804034,0.01398078260949664,0.006779192249345392,0.011592674071125693,0.01585625017025953,0.010843294156561106,0.03639395630822193,0.052174018744261495,-0.010966531045261432,0.029107415026815173,0.039502919656809174
2017-03-29,0.006127027129876307,-0.0017799052930089591,0.00438666419473188,-0.002382311313576604,-0.008591712876900436,-0.0020685003611875764,0.0023080880512702934,-0.013300322888225987,-0.09198146710964122,-0.021959542945589848,-0.0016943200166599942
2017-04-26,0.005317886857313407,0.00663578230552138,0.007574072411900215,0.008160454610196167,0.013926281030182045,0.013196148005226198,0.015212127678116175,0.01217473235149249,-0.004555968306785447,-0.04037403064785239,-0.009278553578340423
2017-05-24,0.003711260283643159,-0.0006813479354778442,0.00878944921531014,-0.0009861124045134422,0.008389066731294541,0.0057595025723561856,0.016516740768133094,0.009066595194602336,0.027637762576395327,-0.007722734726819081,-0.011418176442714267
2017-06-21,0.008544371651162676,0.007068425758782215,0.013134153834755727,0.0031936536556816395,0.00032145784041082815,0.004140400644300236,0.00779991797533416,0.014600269854040192,-0.19384750747258567,-0.010721164286612914,-0.01803847043592048
2017-07-19,-0.003419926203078931,-0.01409395816671296,0.002036717797034852,-0.003962230883120285,0.010357626706709719,0.000928550504782177,0.020711438273208163,0.01682396035446331,0.10156437131106227,0.03713374537992683,-0.004704699996458222
2017-08-16,0.004273083390035791,0.0006917299901168089,0.0014092261054826113,0.00015297153836122768,-0.0013776191288249547,0.003342429949617855,-0.000694227633953169,-0.0004121972788479793,-0.011155290958645219,0.09494415787626251,0.029931173721472696
2017-09-12,0.0036358983879445387,0.002126721633889145,0.0032735085119426775,0.0015775818051845412,0.007387671272774091,0.004342772886163073,0.01845943279614755,0.012691499470060059,0.03443237817865395,0.02479067784762839,0.041039334873028695
2017-10-11,-0.007430762384585155,-0.004956777978962805,0.003273268292351349,-0.0011504403898355178,0.008505989441434698,0.006069364940668426,0.019616646450475294,0.02479285366545294,0.04985851195667226,0.005172914166159793,-0.03596098475646844
2017-11-08,0.0028736043927027432,0.017244400151788998,0.003442954124460955,0.014860396170446044,-0.0020939722366911666,0.01178694921309509,0.01344820931404915,0.01598789445471209,0.09631854159079302,0.014443524990349182,-0.0029282105292467624
2017-12-06,1.3620854436550785e-05,0.0036791669632672427,0.004546925169160104,-0.00014978471721733029,0.0019500555436482894,-0.004885537653956873,0.005267872946830762,0.015691382063399557,-0.019292023675171806,-0.06377164365490887,-0.03237343113811874
2018-01-03,-0.003853008358137496,-0.011748192359119952,-0.0010570277780357097,-0.004866770419454674,0.0058836662707077835,0.001819514786134029,0.03311695641961058,0.032558844116801884,0.0948348908884567,0.0986344534748303,0.05023258536641481
2018-01-31,-0.011496750528630086,-0.002661585375885037,-0.006706663461873855,-0.0013831047088726654,0.002424354969546998,0.0034657791625324606,0.040932341869541845,0.04098107689955576,0.05037485532119641,0.015300477917025424,0.010728075718827144
2018-02-28,-0.007562050104725833,-0.0001689370166191161,-0.016368217655241574,-0.004104397530947444,-0.008534217898649596,-0.007785881715902581,-0.04230995431863207,-0.037552127917039047,-0.04279698685643343,-0.023150513099550952,-0.02709914479828972
2018-03-28,0.0071931434016577235,0.016122445920830723,-0.0006049831691408344,0.0009964342995326487,-0.006618287572735582,-0.001428151052837735,-0.031409005729623136,-0.03946422020772939,0.046253199909415996,-0.04801551257168825,0.0015374111650101477
2018-04-25,-0.0109770688125737,-0.008317493750809165,-0.011668602607339358,-0.00285729422078459,0.004497778061935382,0.006199152844142877,0.015688003456867668,0.014185490657363528,0.058009136337820746,0.05092077161173752,-0.000720023132089529
2018-05-23,0.0032030717255645486,-0.0049791214623804625,0.001945908662715508,-0.0006812834520935019,0.0026036857355941924,-0.006549472935610578,0.024926630748473476,0.03687270400698548,0.05611076983574795,-0.005956709773671094,-0.02257114686020362
2018-06-20,0.005913557200482785,0.005568862697631996,0.000546605255660957,0.0040375147114336644,0.009411208363855587,-0.00017862632197107286,-0.0009777268457555758,0.01395067847870705,-0.09085178435476253,-0.01253895446647177,-0.013567825583388626
2018-07-18,0.004899857921743797,0.002438004231059253,0.00919378345078303,-0.0009968114660286193,6.108766591016125e-05,2.736162385100638e-05,0.012343279106369258,0.018455277086381883,0.03775095816082878,-0.09918974847048322,-0.040607108069771115
2018-08-15,0.0023927906243978044,-0.007300376546821253,0.005772979087539089,0.0038563053268904765,0.006787976184031821,0.001957831693392334,-0.011096310943261562,0.0025189723889930274,-0.03712756307330509,-0.057415484095420355,-0.05097111381663099
2018-09-12,-0.0044825497278346655,-0.0027097170482793097,-0.0026812076204540294,-0.0075576916794631065,0.00699830292600218,0.0002509895855124121,0.01867533744718937,0.026306915570202944,0.08815214312805225,0.01895592508239751,0.012932188897784865
2018-10-10,-0.012229874644666648,-0.012569066278847855,-0.011432304929916932,-0.0013960640644962133,-0.0062957593356145845,0.0022141683773553747,-0.028444247822151103,-0.03495983366419723,0.041913920152786846,0.03309598202491873,-0.010868876665927195
2018-11-07,0.0015334459622095642,0.009978396797856375,-0.0015249376641556403,0.0024057766015447525,0.0005303713481348467,-0.00403421978707766,-0.001630241493011725,0.010846218541860625,-0.16491980494959543,-0.034936604652449514,0.02644845494653197
2018-12-04,0.01660458034962127,0.006922529104981775,0.0026840479539775234,-0.009649618687149237,-0.01217826496100273,-0.028872455884715372,-0.03127606804303057,-0.03899709082663134,-0.14922918548353822,-0.004903584664739715,0.006651407909709105
2019-01-02,0.017391821688817546,0.008024621139702724,0.01013559331325999,0.0031515910980343077,-0.02367947777135269,-0.0061410228999817015,-0.06854893487431123,-0.07139905598133048,-0.13601708865216192,-0.06334864380781847,0.0377665781929533
2019-01-30,-0.00047729258941270645,0.010859917685211674,0.015551955611577595,0.011547057001294755,0.03906931318649342,0.021810504334737486,0.06752554709167947,0.06704061815447307,0.14607011601830744,0.07761895761513263,0.018744591257928506
2019-02-27,0.0018223916164946564,0.002134402192470631,0.007824097245996602,0.013301017944776705,0.02023049253936701,0.02440165001835229,0.04122303147233557,0.04290863656510462,0.03985888799777966,0.04063900241293626,-0.0005961094421902201
2019-03-27,0.019578878325721312,0.0230579926285961,0.02614507995844027,0.015978826381123502,0.007675524771331764,0.010088857503567496,0.003440010868154587,0.006218764141481408,0.03494113034785484,-0.006205707530191093,-0.01342198059920124
2019-04-24,-0.005929303668121251,-0.009262067707865564,0.0024851899236780456,0.0024615204376937753,0.015282602319386754,0.01544639384204175,0.03672154434462252,0.043755752820016085,0.10333004977018206,-0.016990810084042587,-0.028209241043108995
2019-05-21,0.007206943820595831,0.0022430011091054206,0.003060259349571425,-0.0030534762544832104,-0.002945055163717223,-0.00993242367283657,-0.020822852356181927,-0.019871584238436782,-0.042791424790014736,-0.05552834266830369,-0.01308632967633711
2019-06-13,0.020840123771725085,0.017142602095804232,0.019628961682202777,0.006190334988001892,0.005246773800567486,0.0015554633145747523,0.010386360040638353,0.011038331828150795,-0.18734677998473048,-0.020687845973826363,0.045728151434768056
2019-07-16,-0.00041404117713387053,0.011296249119863168,0.012528107681019283,0.01121815732297356,0.012366107484108796,0.01713600116973439,0.033800706471461696,0.03950042900567216,0.0909556939919324,0.04565496214571368,0.04839555705115723
2019-08-29,0.03778650078849459,0.03885304605495883,0.04097125352202058,0.018162827629916202,0.006458998015982738,0.009456198658144174,-0.032343703100070856,-0.024263576062599816,-0.01734759018150729,-0.01691788865496708,0.09297001346053954
2019-09-12,-0.016290483581828018,-0.00795562310645988,-0.01726013335384557,-0.006307719408166323,0.005540154297847662,0.00512021378948585,0.03242874307358221,0.029520995492590463,-0.025114312592080305,0.04136293962470383,-0.01667616346119817
2019-10-08,0.017353306472780668,0.007622043867178693,0.01701799658885123,0.0023981896598389064,-0.006753950156080018,-0.010722515487291754,-0.0344936463581168,-0.038396899295329724,-0.04480385494289296,-0.02409378246288341,-0.008063749117682395
2019-11-07,-0.021864204155120946,-0.0186676551766414,-0.011484760306428803,-0.000499884897229933,0.010637723089315633,0.015567755285222029,0.06598626834933861,0.06581871397964491,0.08432661242297744,0.028550966401719287,-0.028632598793141555
2019-11-29,0.010681392420993792,0.006075479912798688,0.014287471840502343,0.0039045234503384623,0.0006170156272653535,0.0059365059274880064,0.012369515446860886,0.01945531998753744,-0.035259659107705066,-0.06669172237165644,-0.0010191862397389787
2020-01-02,-0.0038510419328465816,-0.0062372487735835765,0.004996829479868728,0.0029757511901018266,0.020965690766347203,0.01242428338154548,0.03695698925415254,0.03820260478987709,0.10635965683770814,0.03798330603566309,0.04079481682333012
2020-01-23,0.00977932187895105,0.013451906198644547,0.012897994072362785,0.010052714708461122,0.0035993771930616244,0.0052758395916432475,0.013109029386157765,0.021375851504892532,-0.0920501344216139,-0.02530911187763451,0.01590794309067671
2020-03-06,0.0664911317036149,0.02378928865534982,0.041171659225774176,-0.0035745245509444345,-0.023159507593614556,-0.033440293912552384,-0.11059938225632283,-0.10966159188279961,-0.30188321535215185,-0.08345908179908909,0.04189263360850283
2020-03-23,-0.002853236252653962,-0.047776765312545565,-0.16070256993217272,-0.09571250114139056,-0.2020310852975032,-0.19286648228291994,-0.29301534729106954,-0.2829775263143241,-0.5749089429045883,-0.1414605318694959,-0.099698551709482
2020-04-22,0.011406989990677543,0.004760033918523896,0.11529483008519915,0.044607039854655264,0.12445538959766887,0.1045244031605982,0.20780146651174497,0.22547004568968854,-0.46067511864270233,0.04770926404193951,0.10809426217190592
2020-05-20,-0.004448459394700067,0.012630455954081354,0.00939262309707783,0.0038929327924986153,0.024030192409677974,0.008291635232040224,0.06298783474750777,0.06162407020128621,0.4056478643648114,0.04587641805599721,0.03517243888520041
2020-06-22,-0.0022063510587650974,0.008223866284172428,0.02838650129449347,0.024002710997688307,0.04846964710020949,0.04936809219391437,0.059728403178788365,0.04978691658156301,0.1724320093104752,0.045684763378542825,-0.0012475734869109658
2020-07-14,0.00858394346407027,0.0025492148284032147,0.017060140302195232,0.003052894799231993,-0.001859007093541536,0.0026944242930910514,0.02452943310383689,0.026195136610287096,-0.007370553104049126,0.07180151880251444,0.035883829545845486
2020-08-17,-0.0042575490550804005,0.0022477991224629746,0.003987448587718808,0.012743890164102194,0.0330945939329278,0.02204634158656673,0.05395887741874803,0.0574765063855298,0.055691032406150615,0.034351284141323137,0.14102929750636223
2020-09-08,0.0009304670452454728,0.000862340695606579,-0.0014408020266209814,0.004027060075734857,0.005336223408823509,0.008092130161224495,-0.0156557385303151,-0.013747675125512384,-0.15626195695572076,0.018538021645164986,-0.028804904675854583
2020-10-07,-0.007214351034293425,0.0007135873254420995,-0.004847663930942221,-0.0011697626276424254,0.003002401917692911,-0.00195493957800402,0.024467026301664835,0.02715118462720185,0.07158982090954295,-0.008495518622909622,-0.04994147519795663
2020-11-06,0.00015611583826878925,0.01078808195606857,0.012617755431897262,0.01026490701132027,0.016063453022573098,0.010501069105095606,0.025589835788806477,0.027140419740345176,-0.07961816110399357,0.06036958123830927,0.04098001600406414
2020-12-02,-0.005961380352432453,-0.004911684879196833,0.009664607190885492,0.005429430115564436,0.02137027586324141,0.027855520372554274,0.05770375131052784,0.04598388560920242,0.18879138712677193,0.07302409654007702,-0.0681979776663217
2021-01-04,0.0046648799404215326,0.010180343900833996,0.006966760407762158,0.008246739226590047,0.01509717966425247,0.0075317244033649595,0.02213785145933215,0.009793697246997825,0.04625791515975965,0.01972724738968619,0.07781470095633043
2021-01-26,-0.00722392910389089,-0.002389929522612245,-0.007306879112467809,0.0012513201787343914,0.005085725734981499,0.005891474735185273,0.03142634796235488,0.04022877217911983,0.09671746969696383,0.00201619738943124,-0.05524699207743637
2021-02-23,-0.019587115974271308,-0.01945098480606662,-0.022536447695276098,-0.00575693989030932,0.006578929238524625,0.011082501995208136,0.013584957962138051,0.009622985188716512,0.16188056841472548,0.09338420562879686,-0.00154579876860998
2021-03-24,-0.010328586361120981,0.0012160753335305797,-0.014179623156257842,-0.0011589746690576419,-0.006387440283660713,-4.977417597601625e-05,-0.006417809418824444,0.0033467823768758265,-0.004078047694359599,-0.03077885390431191,-0.05411154024734722
2021-04-21,0.0038130133751473443,-0.005999350887699789,0.010766992542400483,0.0011006583878943879,0.010694745937530776,0.006450886880425579,0.059927687161058084,0.07140593191655051,0.0020011558639841764,0.032087651443221045,0.037123350006408457
2021-05-21,-0.0027064710849458197,-0.01118131388767719,0.0008985784745152649,-0.005269668577597464,0.0027619159261673236,0.0008382998601039202,0.005338126368985027,-0.0028042237816715116,0.03701002330046865,0.03147331643734874,0.042527374040205464
2021-06-16,0.003998460928748362,0.01144451801095009,0.011611504867898375,0.008223142869057825,0.011723277769329752,0.010240788626158296,0.022822193578370984,0.017292628644594795,0.1245593007557212,0.013795324397377974,-0.004330220994165577
2021-07-15,0.015482335971971456,0.010493556473808532,0.018748636869513734,0.006989674557443882,0.00796352659553328,0.0015666622681518169,0.012400160034497999,0.032710222510510256,0.001542606888395886,0.005612342429176624,-0.02601432182850467
2021-08-12,-0.0031674180609986653,0.014018767682294162,-0.00607816919001597,0.007249027007439013,-0.0030052150073169226,0.005495763640444995,0.024339908695469047,0.023823024565266134,-0.032370771719540996,0.018915637379992026,-0.06483747502254607
2021-09-07,0.0018833559554130175,-0.01436070216271815,0.003163900777064016,-0.007847181055474708,0.010828229356485362,0.0005596092865205886,0.014980173571792516,0.014254924773729472,-0.006145903220387951,0.01593806753526128,0.03162655303599136
2021-10-04,-0.005248769657991455,-0.011222649791304641,-0.00349588301197009,-0.005469972809432148,-0.0024371007306929282,-0.002629806343027043,-0.05289525655353221,-0.048897055069555294,0.13040746479800447,-0.00036987221982827986,-0.029461704384411223
2021-11-03,-0.004384407534832569,0.0028092944559867344,-0.0019259673425870475,-0.0017993001205950146,-0.0008109569736203474,-0.003907831546165003,0.07134882693602468,0.08121822184804066,0.040482549513154935,0.006690666526737999,0.003809284735095227
2021-11-30,0.009239279811923129,0.014221049267293204,0.002689078205154955,0.0005571015244404658,-0.010060393167152166,-0.0055698635628617385,-0.033958413029439305,-0.018876345498918864,-0.18425851387039555,-0.006415557181347836,0.0003370050329192556
2022-01-18,-0.028727144662598823,-0.026132673974419617,-0.032562893150697825,-0.008982035808785439,0.006213737206873977,0.0082360330429963,0.008347858422809731,0.0039260246332828075,0.254680909462662,0.09023380812516865,0.023061241944024206
2022-02-22,-0.007188849449078709,-0.029447174402359014,-0.028418921129707026,-0.03233987794928633,-0.03119476457508433,-0.0358405261639178,-0.056504746149135844,-0.059865733819117785,0.0951725902554502,0.060039550694284446,0.04587227858613833
2022-03-15,-0.017225306281879165,-0.017024358797795985,-0.033654532159208175,-0.0131081276964151,-0.02319036580214792,-0.01919056060340512,-0.0274694402465319,-0.0087321077169263,0.0475303524837357,0.1757278370386404,0.01731125570691411
2022-04-20,-0.035802020991350894,-0.03666249274369795,-0.027821362287640348,-0.015090093198805297,-0.003227773813345852,0.0029548742799025505,0.04603832424572112,0.046215881833161,0.07892706794121772,-0.06307832921032472,0.009219787158221462
2022-05-18,-0.006191375876794043,-0.016670378672583724,-0.023022986822603467,-0.02140890312865184,-0.047144524741548184,-0.029467779818749578,-0.11445016968243618,-0.12652574603633798,0.05452438259923365,-0.16629341562900357,-0.09573725647107671
2022-06-15,-0.023089170170765356,-0.0592281164195056,-0.018260526490025415,-0.0459870894760667,-0.014941619288190482,-0.039172989781720874,-0.0400229571477989,-0.033162317705493306,0.07774014594870086,-0.028076462477521703,-0.0026317159099908203
2022-07-13,0.021130854922181374,0.03849960545317782,0.018378593342238,0.02426230648519316,-0.0045724774253765215,-0.016076943176393035,-0.003821517867543954,0.0041346552248557,-0.1657906961359148,-0.18422253163010668,-0.06226268530444674
2022-08-10,0.005056613227557714,0.022805561647141693,0.017025395960179365,0.023623985500257034,0.053518715456694135,0.043972763689508886,0.09750175595581813,0.10295316599910576,-0.018980037167971996,0.10310565434343413,0.04273269792271116
2022-09-07,-0.02302584499557455,-0.06673713961516513,-0.03401206590383359,-0.05209352830949734,-0.03624976073914035,-0.03233109213220678,-0.06809216814301265,-0.05457549724416877,-0.10249018935666597,-0.08732577864165819,-0.06742119071921918
2022-10-05,-0.027457142613255433,-0.04438637657032967,-0.036364432093860574,-0.03469728098740147,-0.022297669081082782,-0.025742583158074466,-0.043130548961519986,-0.04936797936361959,0.07240920199232112,0.02443463735217478,0.0231064400392404
2022-11-02,-0.017489729115508904,0.011560413213919502,-0.01674333120023146,0.006953519708398292,0.008005059286586451,0.011084875156421448,0.00047323738914654934,-0.005416064445721991,0.04246794838181332,-0.01833043509356802,-0.04325603724333125
2022-11-30,0.02695345010385499,0.02209831230280751,0.04753511565314934,0.025661990071646656,0.021258481606523025,0.03236042813234073,0.08619876112019027,0.08379378040570827,-0.09818403034145087,0.09252685202275676,0.06637361271526697
2022-12-28,-0.006942888420800207,-0.045960509924214625,-0.006454262248931395,-0.019762714649979304,-0.0061971091616536056,-0.008445812947277549,-0.05426515500489167,-0.07429697365016219,-0.023005300507605648,0.026769906252321993,0.045764552189836515
2023-01-25,0.0280968703434512,0.030791508463709823,0.04103236366757367,0.027126099261372657,0.03590913791606227,0.02960314129813997,0.06892379320035838,0.060769614456450724,0.01344071895542398,0.06609577572168394,0.05218503089660521
2023-02-22,-0.02554128266495677,-0.026568184417834376,-0.031878212664695184,-0.01293189474831303,-0.019850640451793553,0.002439493992584582,-0.008393083176185649,-0.004677214028095429,-0.08171648394575431,-0.07296263975826896,-0.07095818090153087
2023-03-22,0.02979602236324912,0.014530893818938576,0.023492999124647126,-0.00012713879250534905,0.005266182748547255,-0.009522098413424931,-0.014729171862766057,-0.011974310606025515,-0.04535860718703337,-0.06475058982816348,0.05369682504230415
